lat,lng,peso_carros_ponto,jam_factor,rua
-25.60182,-54.57243,0.8,0.0,Avenida Victoria Aguirre Este
-25.60204,-54.57275,0.8,0.0,Avenida Victoria Aguirre Este
-25.60182,-54.57243,6.6,6.5,Avenida Victoria Aguirre Este
-25.60076,-54.57184,6.6,6.5,Avenida Victoria Aguirre Este
-25.60641,-54.56773,1.39,2.5,República Argentina/Avenida Córdoba
-25.60588,-54.56828,1.39,2.5,República Argentina/Avenida Córdoba
-25.60588,-54.56828,1.39,2.5,República Argentina/Avenida Córdoba
-25.60558,-54.56857,1.39,2.5,República Argentina/Avenida Córdoba
-25.60558,-54.56857,1.39,2.5,República Argentina/Avenida Córdoba
-25.60534,-54.56883,1.39,2.5,República Argentina/Avenida Córdoba
-25.60534,-54.56883,1.39,2.5,República Argentina/Avenida Córdoba
-25.60481,-54.56941,1.39,2.5,República Argentina/Avenida Córdoba
-25.60481,-54.56941,1.39,2.5,República Argentina/Avenida Córdoba
-25.60475,-54.56947,1.39,2.5,República Argentina/Avenida Córdoba
-25.60475,-54.56947,1.39,2.5,República Argentina/Avenida Córdoba
-25.60406,-54.57018,1.39,2.5,República Argentina/Avenida Córdoba
-25.60406,-54.57018,1.39,2.5,República Argentina/Avenida Córdoba
-25.60332,-54.5709,1.39,2.5,República Argentina/Avenida Córdoba
-25.60332,-54.5709,1.39,2.5,República Argentina/Avenida Córdoba
-25.60258,-54.57166,1.39,2.5,República Argentina/Avenida Córdoba
-25.60258,-54.57166,1.39,2.5,República Argentina/Avenida Córdoba
-25.6024,-54.57185,1.39,2.5,República Argentina/Avenida Córdoba
-25.6024,-54.57185,1.39,2.5,República Argentina/Avenida Córdoba
-25.60182,-54.57243,1.39,2.5,República Argentina/Avenida Córdoba
-25.6024,-54.57185,1.35,1.5,Avenida Presidente Perón
-25.60258,-54.57166,1.35,1.5,Avenida Presidente Perón
-25.60258,-54.57166,1.35,1.5,Avenida Presidente Perón
-25.60332,-54.5709,1.35,1.5,Avenida Presidente Perón
-25.60332,-54.5709,1.35,1.5,Avenida Presidente Perón
-25.60406,-54.57018,1.35,1.5,Avenida Presidente Perón
-25.60406,-54.57018,1.35,1.5,Avenida Presidente Perón
-25.60475,-54.56947,1.35,1.5,Avenida Presidente Perón
-25.60475,-54.56947,1.35,1.5,Avenida Presidente Perón
-25.60481,-54.56941,1.35,1.5,Avenida Presidente Perón
-25.60481,-54.56941,1.35,1.5,Avenida Presidente Perón
-25.60534,-54.56883,1.35,1.5,Avenida Presidente Perón
-25.60534,-54.56883,1.35,1.5,Avenida Presidente Perón
-25.60558,-54.56857,1.35,1.5,Avenida Presidente Perón
-25.60558,-54.56857,1.35,1.5,Avenida Presidente Perón
-25.60588,-54.56828,1.35,1.5,Avenida Presidente Perón
-25.60588,-54.56828,1.35,1.5,Avenida Presidente Perón
-25.60641,-54.56773,1.35,1.5,Avenida Presidente Perón
-25.60182,-54.57243,1.74,2.8,República Argentina/Avenida Córdoba
-25.6024,-54.57185,1.74,2.8,República Argentina/Avenida Córdoba
-25.60204,-54.57275,1.87,3.2,Avenida de los Trabajadores
-25.60306,-54.57391,1.87,3.2,Avenida de los Trabajadores
-25.60306,-54.57391,1.87,3.2,Avenida de los Trabajadores
-25.60354,-54.57449,1.87,3.2,Avenida de los Trabajadores
-25.60354,-54.57449,1.87,3.2,Avenida de los Trabajadores
-25.60405,-54.57511,1.87,3.2,Avenida de los Trabajadores
-25.60405,-54.57511,1.87,3.2,Avenida de los Trabajadores
-25.60464,-54.57582,1.87,3.2,Avenida de los Trabajadores
-25.60464,-54.57582,1.87,3.2,Avenida de los Trabajadores
-25.60528,-54.57656,1.87,3.2,Avenida de los Trabajadores
-25.60528,-54.57656,1.87,3.2,Avenida de los Trabajadores
-25.60551,-54.57678,1.87,3.2,Avenida de los Trabajadores
-25.60584,-54.57701,1.87,3.2,Avenida de los Trabajadores
-25.60611,-54.57717,1.87,3.2,Avenida de los Trabajadores
-25.6065,-54.57727,1.87,3.2,Avenida de los Trabajadores
-25.6065,-54.57727,1.87,3.2,Avenida de los Trabajadores
-25.6073,-54.5774,1.87,3.2,Avenida de los Trabajadores
-25.6073,-54.5774,1.87,3.2,Avenida de los Trabajadores
-25.60751,-54.57743,1.87,3.2,Avenida de los Trabajadores
-25.60852,-54.57739,1.87,3.2,Avenida de los Trabajadores
-25.60852,-54.57739,1.87,3.2,Avenida de los Trabajadores
-25.60922,-54.57736,1.87,3.2,Avenida de los Trabajadores
-25.60922,-54.57736,1.87,3.2,Avenida de los Trabajadores
-25.60991,-54.57735,1.87,3.2,Avenida de los Trabajadores
-25.60991,-54.57735,1.87,3.2,Avenida de los Trabajadores
-25.61142,-54.5773,1.87,3.2,Avenida de los Trabajadores
-25.61142,-54.5773,1.87,3.2,Avenida de los Trabajadores
-25.61218,-54.57728,1.87,3.2,Avenida de los Trabajadores
-25.61218,-54.57728,1.87,3.2,Avenida de los Trabajadores
-25.61289,-54.57725,1.87,3.2,Avenida de los Trabajadores
-25.61289,-54.57725,1.87,3.2,Avenida de los Trabajadores
-25.61354,-54.57722,1.87,3.2,Avenida de los Trabajadores
-25.61354,-54.57722,1.87,3.2,Avenida de los Trabajadores
-25.6144,-54.57721,1.87,3.2,Avenida de los Trabajadores
-25.6144,-54.57721,1.87,3.2,Avenida de los Trabajadores
-25.61552,-54.57715,1.87,3.2,Avenida de los Trabajadores
-25.61552,-54.57715,1.87,3.2,Avenida de los Trabajadores
-25.6166,-54.57715,1.87,3.2,Avenida de los Trabajadores
-25.6166,-54.57715,1.87,3.2,Avenida de los Trabajadores
-25.61779,-54.57709,1.87,3.2,Avenida de los Trabajadores
-25.61779,-54.57709,1.87,3.2,Avenida de los Trabajadores
-25.61806,-54.57703,1.87,3.2,Avenida de los Trabajadores
-25.61806,-54.57703,1.87,3.2,Avenida de los Trabajadores
-25.61883,-54.57682,1.87,3.2,Avenida de los Trabajadores
-25.61806,-54.57703,1.82,2.7,Avenida Victoria Aguirre Este
-25.61779,-54.57709,1.82,2.7,Avenida Victoria Aguirre Este
-25.61779,-54.57709,1.82,2.7,Avenida Victoria Aguirre Este
-25.6166,-54.57715,1.82,2.7,Avenida Victoria Aguirre Este
-25.6166,-54.57715,1.82,2.7,Avenida Victoria Aguirre Este
-25.61552,-54.57715,1.82,2.7,Avenida Victoria Aguirre Este
-25.61552,-54.57715,1.82,2.7,Avenida Victoria Aguirre Este
-25.6144,-54.57721,1.82,2.7,Avenida Victoria Aguirre Este
-25.6144,-54.57721,1.82,2.7,Avenida Victoria Aguirre Este
-25.61354,-54.57722,1.82,2.7,Avenida Victoria Aguirre Este
-25.61354,-54.57722,1.82,2.7,Avenida Victoria Aguirre Este
-25.61289,-54.57725,1.82,2.7,Avenida Victoria Aguirre Este
-25.61289,-54.57725,1.82,2.7,Avenida Victoria Aguirre Este
-25.61218,-54.57728,1.82,2.7,Avenida Victoria Aguirre Este
-25.61218,-54.57728,1.82,2.7,Avenida Victoria Aguirre Este
-25.61142,-54.5773,1.82,2.7,Avenida Victoria Aguirre Este
-25.61142,-54.5773,1.82,2.7,Avenida Victoria Aguirre Este
-25.60991,-54.57735,1.82,2.7,Avenida Victoria Aguirre Este
-25.60991,-54.57735,1.82,2.7,Avenida Victoria Aguirre Este
-25.60922,-54.57736,1.82,2.7,Avenida Victoria Aguirre Este
-25.60922,-54.57736,1.82,2.7,Avenida Victoria Aguirre Este
-25.60852,-54.57739,1.82,2.7,Avenida Victoria Aguirre Este
-25.60852,-54.57739,1.82,2.7,Avenida Victoria Aguirre Este
-25.60751,-54.57743,1.82,2.7,Avenida Victoria Aguirre Este
-25.6073,-54.5774,1.82,2.7,Avenida Victoria Aguirre Este
-25.6073,-54.5774,1.82,2.7,Avenida Victoria Aguirre Este
-25.6065,-54.57727,1.82,2.7,Avenida Victoria Aguirre Este
-25.6065,-54.57727,1.82,2.7,Avenida Victoria Aguirre Este
-25.60611,-54.57717,1.82,2.7,Avenida Victoria Aguirre Este
-25.60584,-54.57701,1.82,2.7,Avenida Victoria Aguirre Este
-25.60551,-54.57678,1.82,2.7,Avenida Victoria Aguirre Este
-25.60528,-54.57656,1.82,2.7,Avenida Victoria Aguirre Este
-25.60528,-54.57656,1.82,2.7,Avenida Victoria Aguirre Este
-25.60464,-54.57582,1.82,2.7,Avenida Victoria Aguirre Este
-25.60464,-54.57582,1.82,2.7,Avenida Victoria Aguirre Este
-25.60405,-54.57511,1.82,2.7,Avenida Victoria Aguirre Este
-25.60405,-54.57511,1.82,2.7,Avenida Victoria Aguirre Este
-25.60354,-54.57449,1.82,2.7,Avenida Victoria Aguirre Este
-25.60354,-54.57449,1.82,2.7,Avenida Victoria Aguirre Este
-25.60306,-54.57391,1.82,2.7,Avenida Victoria Aguirre Este
-25.60306,-54.57391,1.82,2.7,Avenida Victoria Aguirre Este
-25.60204,-54.57275,1.82,2.7,Avenida Victoria Aguirre Este
-25.60204,-54.57275,1.82,2.7,Avenida Victoria Aguirre Este
-25.60182,-54.57243,1.82,2.7,Avenida Victoria Aguirre Este
-25.61883,-54.57682,1.76,1.8,Avenida de los Trabajadores
-25.61806,-54.57703,1.76,1.8,Avenida de los Trabajadores
-25.61883,-54.57682,1.48,0.3,República Argentina
-25.61872,-54.57609,1.48,0.3,República Argentina
-25.60641,-54.56773,0.56,2.7,Avenida Victoria Aguirre Este
-25.60631,-54.56747,0.56,2.7,Avenida Victoria Aguirre Este
-25.60589,-54.56383,0.4,0.0,12
-25.60611,-54.56399,0.4,0.0,12
-25.60611,-54.56399,0.4,0.0,12
-25.60619,-54.56406,0.4,0.0,12
-25.60619,-54.56406,1.34,3.0,Avenida Victoria Aguirre Este
-25.60623,-54.56455,1.34,3.0,Avenida Victoria Aguirre Este
-25.6062,-54.56471,1.34,3.0,Avenida Victoria Aguirre Este
-25.6062,-54.56471,1.34,3.0,Avenida Victoria Aguirre Este
-25.60626,-54.56581,1.34,3.0,Avenida Victoria Aguirre Este
-25.60626,-54.56581,1.34,3.0,Avenida Victoria Aguirre Este
-25.60629,-54.56677,1.34,3.0,Avenida Victoria Aguirre Este
-25.60629,-54.56677,1.34,3.0,Avenida Victoria Aguirre Este
-25.60631,-54.56747,1.34,3.0,Avenida Victoria Aguirre Este
-25.60631,-54.56747,1.34,3.0,Avenida Victoria Aguirre Este
-25.60641,-54.56773,1.34,3.0,Avenida Victoria Aguirre Este
-25.60631,-54.56747,3.18,4.0,12
-25.60629,-54.56677,3.18,4.0,12
-25.60629,-54.56677,3.18,4.0,12
-25.60626,-54.56581,3.18,4.0,12
-25.60626,-54.56581,3.18,4.0,12
-25.6062,-54.56471,3.18,4.0,12
-25.6062,-54.56471,3.18,4.0,12
-25.60623,-54.56455,3.18,4.0,12
-25.60619,-54.56406,3.18,4.0,12
-25.60619,-54.56406,3.18,4.0,12
-25.60623,-54.56394,3.18,4.0,12
-25.60635,-54.56369,3.18,4.0,12
-25.60531,-54.56519,2.13,2.8,Avenida Guaraní
-25.6044,-54.56565,2.13,2.8,Avenida Guaraní
-25.60437,-54.56568,2.13,2.8,Avenida Guaraní
-25.60437,-54.56568,2.13,2.8,Avenida Guaraní
-25.60338,-54.56618,2.13,2.8,Avenida Guaraní
-25.60338,-54.56618,2.13,2.8,Avenida Guaraní
-25.60223,-54.5668,2.13,2.8,Avenida Guaraní
-25.60223,-54.5668,2.13,2.8,Avenida Guaraní
-25.60161,-54.56711,2.13,2.8,Avenida Guaraní
-25.60161,-54.56711,2.13,2.8,Avenida Guaraní
-25.60147,-54.5672,2.13,2.8,Avenida Guaraní
-25.60134,-54.56722,2.13,2.8,Avenida Guaraní
-25.60105,-54.56718,2.13,2.8,Avenida Guaraní
-25.5985,-54.56648,2.13,2.8,Avenida Guaraní
-25.5985,-54.56648,2.13,2.8,Avenida Guaraní
-25.59814,-54.56646,2.13,2.8,Avenida Guaraní
-25.5985,-54.56648,16.46,8.1,Avenida Presidente Perón
-25.60105,-54.56718,16.46,8.1,Avenida Presidente Perón
-25.60134,-54.56722,16.46,8.1,Avenida Presidente Perón
-25.60147,-54.5672,16.46,8.1,Avenida Presidente Perón
-25.60161,-54.56711,16.46,8.1,Avenida Presidente Perón
-25.60161,-54.56711,16.46,8.1,Avenida Presidente Perón
-25.60223,-54.5668,16.46,8.1,Avenida Presidente Perón
-25.60223,-54.5668,16.46,8.1,Avenida Presidente Perón
-25.60338,-54.56618,16.46,8.1,Avenida Presidente Perón
-25.60338,-54.56618,16.46,8.1,Avenida Presidente Perón
-25.60437,-54.56568,16.46,8.1,Avenida Presidente Perón
-25.60437,-54.56568,16.46,8.1,Avenida Presidente Perón
-25.6044,-54.56565,16.46,8.1,Avenida Presidente Perón
-25.60531,-54.56519,16.46,8.1,Avenida Presidente Perón
-25.60531,-54.56519,16.46,8.1,Avenida Presidente Perón
-25.6062,-54.56471,16.46,8.1,Avenida Presidente Perón
-25.59814,-54.56646,0.8,1.0,Avenida Guaraní
-25.5985,-54.56648,0.8,1.0,Avenida Guaraní
-25.59814,-54.56646,0.79,3.9,Hipólito Yrigoyen
-25.59811,-54.56661,0.79,3.9,Hipólito Yrigoyen
-25.5981,-54.56705,0.79,3.9,Hipólito Yrigoyen
-25.61452,-54.5591,1.48,2.6,República Argentina
-25.6147,-54.55932,1.48,2.6,República Argentina
-25.6147,-54.55932,1.48,2.6,República Argentina
-25.61517,-54.56,1.48,2.6,República Argentina
-25.61542,-54.56052,1.48,2.6,República Argentina
-25.61551,-54.56086,1.48,2.6,República Argentina
-25.6156,-54.56151,1.48,2.6,República Argentina
-25.61561,-54.56175,1.48,2.6,República Argentina
-25.61561,-54.56175,1.48,2.6,República Argentina
-25.61565,-54.56209,1.48,2.6,República Argentina
-25.61565,-54.56209,1.48,2.6,República Argentina
-25.61567,-54.56228,1.48,2.6,República Argentina
-25.61567,-54.56228,1.48,2.6,República Argentina
-25.61589,-54.56589,1.48,2.6,República Argentina
-25.61591,-54.56613,1.48,2.6,República Argentina
-25.61599,-54.56649,1.48,2.6,República Argentina
-25.61599,-54.56649,1.48,2.6,República Argentina
-25.61605,-54.56682,1.48,2.6,República Argentina
-25.61605,-54.56682,1.48,2.6,República Argentina
-25.61615,-54.56707,1.48,2.6,República Argentina
-25.61615,-54.56707,1.48,2.6,República Argentina
-25.61673,-54.56853,1.48,2.6,República Argentina
-25.61673,-54.56853,1.48,2.6,República Argentina
-25.61696,-54.56906,1.48,2.6,República Argentina
-25.61713,-54.56957,1.48,2.6,República Argentina
-25.61713,-54.56957,1.48,2.6,República Argentina
-25.61751,-54.57036,1.48,2.6,República Argentina
-25.61751,-54.57036,1.48,2.6,República Argentina
-25.61757,-54.57057,1.48,2.6,República Argentina
-25.61767,-54.57101,1.48,2.6,República Argentina
-25.61767,-54.57101,1.48,2.6,República Argentina
-25.61774,-54.57134,1.48,2.6,República Argentina
-25.61774,-54.57134,1.48,2.6,República Argentina
-25.61781,-54.57165,1.48,2.6,República Argentina
-25.61781,-54.57165,1.48,2.6,República Argentina
-25.61795,-54.57226,1.48,2.6,República Argentina
-25.61795,-54.57226,1.48,2.6,República Argentina
-25.61805,-54.57276,1.48,2.6,República Argentina
-25.61805,-54.57276,1.48,2.6,República Argentina
-25.61814,-54.57314,1.48,2.6,República Argentina
-25.61814,-54.57314,1.48,2.6,República Argentina
-25.61825,-54.5737,1.48,2.6,República Argentina
-25.61825,-54.5737,1.48,2.6,República Argentina
-25.61841,-54.57452,1.48,2.6,República Argentina
-25.61841,-54.57452,1.48,2.6,República Argentina
-25.61856,-54.57529,1.48,2.6,República Argentina
-25.61856,-54.57529,1.48,2.6,República Argentina
-25.61872,-54.57609,1.48,2.6,República Argentina
-25.61872,-54.57609,1.48,2.6,República Argentina
-25.61883,-54.57682,1.48,2.6,República Argentina
-25.61872,-54.57609,1.43,3.7,12
-25.61856,-54.57529,1.43,3.7,12
-25.61856,-54.57529,1.43,3.7,12
-25.61841,-54.57452,1.43,3.7,12
-25.61841,-54.57452,1.43,3.7,12
-25.61825,-54.5737,1.43,3.7,12
-25.61825,-54.5737,1.43,3.7,12
-25.61814,-54.57314,1.43,3.7,12
-25.61814,-54.57314,1.43,3.7,12
-25.61805,-54.57276,1.43,3.7,12
-25.61805,-54.57276,1.43,3.7,12
-25.61795,-54.57226,1.43,3.7,12
-25.61795,-54.57226,1.43,3.7,12
-25.61781,-54.57165,1.43,3.7,12
-25.61781,-54.57165,1.43,3.7,12
-25.61774,-54.57134,1.43,3.7,12
-25.61774,-54.57134,1.43,3.7,12
-25.61767,-54.57101,1.43,3.7,12
-25.61767,-54.57101,1.43,3.7,12
-25.61757,-54.57057,1.43,3.7,12
-25.61751,-54.57036,1.43,3.7,12
-25.61751,-54.57036,1.43,3.7,12
-25.61713,-54.56957,1.43,3.7,12
-25.61713,-54.56957,1.43,3.7,12
-25.61696,-54.56906,1.43,3.7,12
-25.61673,-54.56853,1.43,3.7,12
-25.61673,-54.56853,1.43,3.7,12
-25.61615,-54.56707,1.43,3.7,12
-25.61615,-54.56707,1.43,3.7,12
-25.61605,-54.56682,1.43,3.7,12
-25.61605,-54.56682,1.43,3.7,12
-25.61599,-54.56649,1.43,3.7,12
-25.61599,-54.56649,1.43,3.7,12
-25.61591,-54.56613,1.43,3.7,12
-25.61589,-54.56589,1.43,3.7,12
-25.61567,-54.56228,1.43,3.7,12
-25.61567,-54.56228,1.43,3.7,12
-25.61565,-54.56209,1.43,3.7,12
-25.61565,-54.56209,1.43,3.7,12
-25.61561,-54.56175,1.43,3.7,12
-25.61561,-54.56175,1.43,3.7,12
-25.6156,-54.56151,1.43,3.7,12
-25.61551,-54.56086,1.43,3.7,12
-25.61542,-54.56052,1.43,3.7,12
-25.61517,-54.56,1.43,3.7,12
-25.6147,-54.55932,1.43,3.7,12
-25.6147,-54.55932,1.43,3.7,12
-25.61452,-54.5591,1.43,3.7,12
-25.61452,-54.5591,1.43,3.7,12
-25.61446,-54.55902,1.43,3.7,12
-25.66884,-54.49871,1.79,0.3,Avenida De Los Trabajadores
-25.66839,-54.4993,1.79,0.3,Avenida De Los Trabajadores
-25.66839,-54.4993,1.79,0.3,Avenida De Los Trabajadores
-25.66796,-54.49986,1.79,0.3,Avenida De Los Trabajadores
-25.66784,-54.50005,1.79,0.3,Avenida De Los Trabajadores
-25.66784,-54.50005,1.79,0.3,Avenida De Los Trabajadores
-25.66575,-54.50271,1.79,0.3,Avenida De Los Trabajadores
-25.66575,-54.50271,1.79,0.3,Avenida De Los Trabajadores
-25.66547,-54.50307,1.79,0.3,Avenida De Los Trabajadores
-25.66547,-54.50307,1.79,0.3,Avenida De Los Trabajadores
-25.66294,-54.5063,1.79,0.3,Avenida De Los Trabajadores
-25.66294,-54.5063,1.79,0.3,Avenida De Los Trabajadores
-25.66246,-54.50691,1.79,0.3,Avenida De Los Trabajadores
-25.66246,-54.50691,1.79,0.3,Avenida De Los Trabajadores
-25.66178,-54.50778,1.79,0.3,Avenida De Los Trabajadores
-25.66178,-54.50778,1.79,0.3,Avenida De Los Trabajadores
-25.66149,-54.50815,1.79,0.3,Avenida De Los Trabajadores
-25.66149,-54.50815,1.79,0.3,Avenida De Los Trabajadores
-25.66102,-54.50875,1.79,0.3,Avenida De Los Trabajadores
-25.66102,-54.50875,1.79,0.3,Avenida De Los Trabajadores
-25.66068,-54.50918,1.79,0.3,Avenida De Los Trabajadores
-25.66068,-54.50918,1.79,0.3,Avenida De Los Trabajadores
-25.66009,-54.50994,1.79,0.3,Avenida De Los Trabajadores
-25.66009,-54.50994,1.79,0.3,Avenida De Los Trabajadores
-25.65964,-54.51051,1.79,0.3,Avenida De Los Trabajadores
-25.65964,-54.51051,1.79,0.3,Avenida De Los Trabajadores
-25.65921,-54.51106,1.79,0.3,Avenida De Los Trabajadores
-25.65921,-54.51106,1.79,0.3,Avenida De Los Trabajadores
-25.65822,-54.51232,1.79,0.3,Avenida De Los Trabajadores
-25.65822,-54.51232,1.79,0.3,Avenida De Los Trabajadores
-25.65538,-54.51594,1.79,0.3,Avenida De Los Trabajadores
-25.65538,-54.51594,1.79,0.3,Avenida De Los Trabajadores
-25.65486,-54.51661,1.79,0.3,Avenida De Los Trabajadores
-25.65486,-54.51661,1.79,0.3,Avenida De Los Trabajadores
-25.65411,-54.51756,1.79,0.3,Avenida De Los Trabajadores
-25.65411,-54.51756,1.79,0.3,Avenida De Los Trabajadores
-25.65325,-54.51865,1.79,0.3,Avenida De Los Trabajadores
-25.65325,-54.51865,1.79,0.3,Avenida De Los Trabajadores
-25.65267,-54.51939,1.79,0.3,Avenida De Los Trabajadores
-25.65267,-54.51939,1.79,0.3,Avenida De Los Trabajadores
-25.65247,-54.51965,1.79,0.3,Avenida De Los Trabajadores
-25.65247,-54.51965,1.79,0.3,Avenida De Los Trabajadores
-25.65186,-54.52043,1.79,0.3,Avenida De Los Trabajadores
-25.65186,-54.52043,1.79,0.3,Avenida De Los Trabajadores
-25.65092,-54.52163,1.79,0.3,Avenida De Los Trabajadores
-25.65092,-54.52163,1.79,0.3,Avenida De Los Trabajadores
-25.64825,-54.52505,1.79,0.3,Avenida De Los Trabajadores
-25.64825,-54.52505,1.79,0.3,Avenida De Los Trabajadores
-25.64702,-54.52662,1.79,0.3,Avenida De Los Trabajadores
-25.64702,-54.52662,1.79,0.3,Avenida De Los Trabajadores
-25.64589,-54.52807,1.79,0.3,Avenida De Los Trabajadores
-25.64589,-54.52807,1.79,0.3,Avenida De Los Trabajadores
-25.64416,-54.53029,1.79,0.3,Avenida De Los Trabajadores
-25.64416,-54.53029,1.79,0.3,Avenida De Los Trabajadores
-25.64341,-54.53125,1.79,0.3,Avenida De Los Trabajadores
-25.64341,-54.53125,1.79,0.3,Avenida De Los Trabajadores
-25.64294,-54.53185,1.79,0.3,Avenida De Los Trabajadores
-25.64294,-54.53185,1.79,0.3,Avenida De Los Trabajadores
-25.64229,-54.53267,1.79,0.3,Avenida De Los Trabajadores
-25.64199,-54.53303,1.79,0.3,Avenida De Los Trabajadores
-25.64183,-54.53321,1.79,0.3,Avenida De Los Trabajadores
-25.64152,-54.53352,1.79,0.3,Avenida De Los Trabajadores
-25.64152,-54.53352,1.79,0.3,Avenida De Los Trabajadores
-25.64095,-54.53407,1.79,0.3,Avenida De Los Trabajadores
-25.64044,-54.53454,1.79,0.3,Avenida De Los Trabajadores
-25.64044,-54.53454,1.79,0.3,Avenida De Los Trabajadores
-25.6397,-54.53523,1.79,0.3,Avenida De Los Trabajadores
-25.6397,-54.53523,1.79,0.3,Avenida De Los Trabajadores
-25.6393,-54.5356,1.79,0.3,Avenida De Los Trabajadores
-25.6393,-54.5356,1.79,0.3,Avenida De Los Trabajadores
-25.63888,-54.53599,1.79,0.3,Avenida De Los Trabajadores
-25.63888,-54.53599,1.79,0.3,Avenida De Los Trabajadores
-25.63774,-54.53705,1.79,0.3,Avenida De Los Trabajadores
-25.63774,-54.53705,1.79,0.3,Avenida De Los Trabajadores
-25.63754,-54.53723,1.79,0.3,Avenida De Los Trabajadores
-25.63754,-54.53723,1.79,0.3,Avenida De Los Trabajadores
-25.63644,-54.53825,1.79,0.3,Avenida De Los Trabajadores
-25.63644,-54.53825,1.79,0.3,Avenida De Los Trabajadores
-25.63503,-54.53955,1.79,0.3,Avenida De Los Trabajadores
-25.63503,-54.53955,1.79,0.3,Avenida De Los Trabajadores
-25.6345,-54.54004,1.79,0.3,Avenida De Los Trabajadores
-25.6345,-54.54004,1.79,0.3,Avenida De Los Trabajadores
-25.6342,-54.54032,1.79,0.3,Avenida De Los Trabajadores
-25.6342,-54.54032,1.79,0.3,Avenida De Los Trabajadores
-25.6329,-54.54153,1.79,0.3,Avenida De Los Trabajadores
-25.6329,-54.54153,1.79,0.3,Avenida De Los Trabajadores
-25.63264,-54.54178,1.79,0.3,Avenida De Los Trabajadores
-25.63264,-54.54178,1.79,0.3,Avenida De Los Trabajadores
-25.63181,-54.54255,1.79,0.3,Avenida De Los Trabajadores
-25.63063,-54.54367,1.79,0.3,Avenida De Los Trabajadores
-25.63063,-54.54367,1.79,0.3,Avenida De Los Trabajadores
-25.62916,-54.54508,1.79,0.3,Avenida De Los Trabajadores
-25.62916,-54.54508,1.79,0.3,Avenida De Los Trabajadores
-25.62879,-54.54543,1.79,0.3,Avenida De Los Trabajadores
-25.62879,-54.54543,1.79,0.3,Avenida De Los Trabajadores
-25.62835,-54.54585,1.79,0.3,Avenida De Los Trabajadores
-25.62835,-54.54585,1.79,0.3,Avenida De Los Trabajadores
-25.62802,-54.54617,1.79,0.3,Avenida De Los Trabajadores
-25.62802,-54.54617,1.79,0.3,Avenida De Los Trabajadores
-25.62778,-54.5464,1.79,0.3,Avenida De Los Trabajadores
-25.62778,-54.5464,1.79,0.3,Avenida De Los Trabajadores
-25.62755,-54.54662,1.79,0.3,Avenida De Los Trabajadores
-25.62755,-54.54662,1.79,0.3,Avenida De Los Trabajadores
-25.62713,-54.54702,1.79,0.3,Avenida De Los Trabajadores
-25.62713,-54.54702,1.79,0.3,Avenida De Los Trabajadores
-25.62673,-54.54738,1.79,0.3,Avenida De Los Trabajadores
-25.62673,-54.54738,1.79,0.3,Avenida De Los Trabajadores
-25.62643,-54.54765,1.79,0.3,Avenida De Los Trabajadores
-25.62643,-54.54765,1.79,0.3,Avenida De Los Trabajadores
-25.62636,-54.54769,1.79,0.3,Avenida De Los Trabajadores
-25.6262,-54.54782,1.79,0.3,Avenida De Los Trabajadores
-25.6262,-54.54782,1.79,0.3,Avenida De Los Trabajadores
-25.62584,-54.54814,1.79,0.3,Avenida De Los Trabajadores
-25.62584,-54.54814,1.79,0.3,Avenida De Los Trabajadores
-25.62515,-54.54878,1.79,0.3,Avenida De Los Trabajadores
-25.62515,-54.54878,1.79,0.3,Avenida De Los Trabajadores
-25.62477,-54.54913,1.79,0.3,Avenida De Los Trabajadores
-25.62477,-54.54913,1.79,0.3,Avenida De Los Trabajadores
-25.6246,-54.54929,1.79,0.3,Avenida De Los Trabajadores
-25.6246,-54.54929,1.79,0.3,Avenida De Los Trabajadores
-25.62439,-54.54949,1.79,0.3,Avenida De Los Trabajadores
-25.62439,-54.54949,1.79,0.3,Avenida De Los Trabajadores
-25.62421,-54.54966,1.79,0.3,Avenida De Los Trabajadores
-25.62421,-54.54966,1.79,0.3,Avenida De Los Trabajadores
-25.62385,-54.55001,1.79,0.3,Avenida De Los Trabajadores
-25.62385,-54.55001,1.79,0.3,Avenida De Los Trabajadores
-25.62353,-54.55031,1.79,0.3,Avenida De Los Trabajadores
-25.62353,-54.55031,1.79,0.3,Avenida De Los Trabajadores
-25.6234,-54.55044,1.79,0.3,Avenida De Los Trabajadores
-25.6234,-54.55044,1.79,0.3,Avenida De Los Trabajadores
-25.62327,-54.55057,1.79,0.3,Avenida De Los Trabajadores
-25.62327,-54.55057,1.79,0.3,Avenida De Los Trabajadores
-25.62213,-54.55166,1.79,0.3,Avenida De Los Trabajadores
-25.62213,-54.55166,1.79,0.3,Avenida De Los Trabajadores
-25.62198,-54.5518,1.79,0.3,Avenida De Los Trabajadores
-25.62198,-54.5518,1.79,0.3,Avenida De Los Trabajadores
-25.62189,-54.55189,1.79,0.3,Avenida De Los Trabajadores
-25.62189,-54.55189,1.79,0.3,Avenida De Los Trabajadores
-25.62169,-54.55208,1.79,0.3,Avenida De Los Trabajadores
-25.62169,-54.55208,1.79,0.3,Avenida De Los Trabajadores
-25.6216,-54.55217,1.79,0.3,Avenida De Los Trabajadores
-25.6216,-54.55217,1.79,0.3,Avenida De Los Trabajadores
-25.62108,-54.55266,1.79,0.3,Avenida De Los Trabajadores
-25.62108,-54.55266,1.79,0.3,Avenida De Los Trabajadores
-25.62095,-54.55279,1.79,0.3,Avenida De Los Trabajadores
-25.62095,-54.55279,1.79,0.3,Avenida De Los Trabajadores
-25.62055,-54.55317,1.79,0.3,Avenida De Los Trabajadores
-25.62055,-54.55317,1.79,0.3,Avenida De Los Trabajadores
-25.62014,-54.55356,1.79,0.3,Avenida De Los Trabajadores
-25.62014,-54.55356,1.79,0.3,Avenida De Los Trabajadores
-25.61991,-54.55378,1.79,0.3,Avenida De Los Trabajadores
-25.61991,-54.55378,1.79,0.3,Avenida De Los Trabajadores
-25.61899,-54.55467,1.79,0.3,Avenida De Los Trabajadores
-25.61899,-54.55467,1.79,0.3,Avenida De Los Trabajadores
-25.61871,-54.55493,1.79,0.3,Avenida De Los Trabajadores
-25.61871,-54.55493,1.79,0.3,Avenida De Los Trabajadores
-25.6181,-54.55552,1.79,0.3,Avenida De Los Trabajadores
-25.6181,-54.55552,1.79,0.3,Avenida De Los Trabajadores
-25.61797,-54.55564,1.79,0.3,Avenida De Los Trabajadores
-25.61797,-54.55564,1.79,0.3,Avenida De Los Trabajadores
-25.61757,-54.55603,1.79,0.3,Avenida De Los Trabajadores
-25.61757,-54.55603,1.79,0.3,Avenida De Los Trabajadores
-25.61749,-54.55611,1.79,0.3,Avenida De Los Trabajadores
-25.61749,-54.55611,1.79,0.3,Avenida De Los Trabajadores
-25.61731,-54.55628,1.79,0.3,Avenida De Los Trabajadores
-25.61731,-54.55628,1.79,0.3,Avenida De Los Trabajadores
-25.61692,-54.55665,1.79,0.3,Avenida De Los Trabajadores
-25.61692,-54.55665,1.79,0.3,Avenida De Los Trabajadores
-25.61647,-54.55709,1.79,0.3,Avenida De Los Trabajadores
-25.61647,-54.55709,1.79,0.3,Avenida De Los Trabajadores
-25.61641,-54.55715,1.79,0.3,Avenida De Los Trabajadores
-25.61641,-54.55715,1.79,0.3,Avenida De Los Trabajadores
-25.61623,-54.55732,1.79,0.3,Avenida De Los Trabajadores
-25.61623,-54.55732,1.79,0.3,Avenida De Los Trabajadores
-25.61594,-54.5576,1.79,0.3,Avenida De Los Trabajadores
-25.61594,-54.5576,1.79,0.3,Avenida De Los Trabajadores
-25.61566,-54.55787,1.79,0.3,Avenida De Los Trabajadores
-25.61566,-54.55787,1.79,0.3,Avenida De Los Trabajadores
-25.61535,-54.55816,1.79,0.3,Avenida De Los Trabajadores
-25.61535,-54.55816,1.79,0.3,Avenida De Los Trabajadores
-25.61526,-54.55825,1.79,0.3,Avenida De Los Trabajadores
-25.61526,-54.55825,1.79,0.3,Avenida De Los Trabajadores
-25.61512,-54.55839,1.79,0.3,Avenida De Los Trabajadores
-25.61512,-54.55839,1.79,0.3,Avenida De Los Trabajadores
-25.61497,-54.55853,1.79,0.3,Avenida De Los Trabajadores
-25.61497,-54.55853,1.79,0.3,Avenida De Los Trabajadores
-25.61477,-54.55873,1.79,0.3,Avenida De Los Trabajadores
-25.61477,-54.55873,1.79,0.3,Avenida De Los Trabajadores
-25.6146,-54.55888,1.79,0.3,Avenida De Los Trabajadores
-25.6146,-54.55888,1.79,0.3,Avenida De Los Trabajadores
-25.61446,-54.55902,1.79,0.3,Avenida De Los Trabajadores
-25.66942,-54.49917,2.7,0.4,Iguazú (Norte)
-25.66986,-54.49955,2.7,0.4,Iguazú (Norte)
-25.67005,-54.49967,2.7,0.4,Iguazú (Norte)
-25.67005,-54.49967,2.7,0.4,Iguazú (Norte)
-25.67039,-54.49996,2.7,0.4,Iguazú (Norte)
-25.67039,-54.49996,2.7,0.4,Iguazú (Norte)
-25.67472,-54.5037,2.7,0.4,Iguazú (Norte)
-25.67472,-54.5037,2.7,0.4,Iguazú (Norte)
-25.67563,-54.50449,2.7,0.4,Iguazú (Norte)
-25.67563,-54.50449,2.7,0.4,Iguazú (Norte)
-25.67605,-54.50486,2.7,0.4,Iguazú (Norte)
-25.67605,-54.50486,2.7,0.4,Iguazú (Norte)
-25.6769,-54.50559,2.7,0.4,Iguazú (Norte)
-25.6769,-54.50559,2.7,0.4,Iguazú (Norte)
-25.67798,-54.50651,2.7,0.4,Iguazú (Norte)
-25.67798,-54.50651,2.7,0.4,Iguazú (Norte)
-25.67854,-54.50693,2.7,0.4,Iguazú (Norte)
-25.6792,-54.50738,2.7,0.4,Iguazú (Norte)
-25.6792,-54.50738,2.7,0.4,Iguazú (Norte)
-25.67998,-54.50787,2.7,0.4,Iguazú (Norte)
-25.67998,-54.50787,2.7,0.4,Iguazú (Norte)
-25.68047,-54.50818,2.7,0.4,Iguazú (Norte)
-25.68047,-54.50818,2.7,0.4,Iguazú (Norte)
-25.68064,-54.50829,2.7,0.4,Iguazú (Norte)
-25.68064,-54.50829,2.7,0.4,Iguazú (Norte)
-25.68089,-54.50845,2.7,0.4,Iguazú (Norte)
-25.68089,-54.50845,2.7,0.4,Iguazú (Norte)
-25.68117,-54.50863,2.7,0.4,Iguazú (Norte)
-25.68117,-54.50863,2.7,0.4,Iguazú (Norte)
-25.68205,-54.50919,2.7,0.4,Iguazú (Norte)
-25.68205,-54.50919,2.7,0.4,Iguazú (Norte)
-25.68301,-54.5098,2.7,0.4,Iguazú (Norte)
-25.68301,-54.5098,2.7,0.4,Iguazú (Norte)
-25.68624,-54.51186,2.7,0.4,Iguazú (Norte)
-25.68624,-54.51186,2.7,0.4,Iguazú (Norte)
-25.68743,-54.51262,2.7,0.4,Iguazú (Norte)
-25.68743,-54.51262,2.7,0.4,Iguazú (Norte)
-25.68785,-54.51289,2.7,0.4,Iguazú (Norte)
-25.68785,-54.51289,2.7,0.4,Iguazú (Norte)
-25.68943,-54.5139,2.7,0.4,Iguazú (Norte)
-25.68987,-54.51416,2.7,0.4,Iguazú (Norte)
-25.69034,-54.51439,2.7,0.4,Iguazú (Norte)
-25.69081,-54.51456,2.7,0.4,Iguazú (Norte)
-25.69107,-54.51463,2.7,0.4,Iguazú (Norte)
-25.69152,-54.51472,2.7,0.4,Iguazú (Norte)
-25.69196,-54.51477,2.7,0.4,Iguazú (Norte)
-25.69463,-54.51481,2.7,0.4,Iguazú (Norte)
-25.69463,-54.51481,2.7,0.4,Iguazú (Norte)
-25.69639,-54.51483,2.7,0.4,Iguazú (Norte)
-25.69639,-54.51483,2.7,0.4,Iguazú (Norte)
-25.69686,-54.51483,2.7,0.4,Iguazú (Norte)
-25.69686,-54.51483,2.7,0.4,Iguazú (Norte)
-25.69919,-54.51485,2.7,0.4,Iguazú (Norte)
-25.69919,-54.51485,2.7,0.4,Iguazú (Norte)
-25.69956,-54.51485,2.7,0.4,Iguazú (Norte)
-25.69956,-54.51485,2.7,0.4,Iguazú (Norte)
-25.70053,-54.51485,2.7,0.4,Iguazú (Norte)
-25.70053,-54.51485,2.7,0.4,Iguazú (Norte)
-25.70281,-54.51487,2.7,0.4,Iguazú (Norte)
-25.70329,-54.5149,2.7,0.4,Iguazú (Norte)
-25.70392,-54.51499,2.7,0.4,Iguazú (Norte)
-25.70392,-54.51499,2.7,0.4,Iguazú (Norte)
-25.70433,-54.51509,2.7,0.4,Iguazú (Norte)
-25.70468,-54.5152,2.7,0.4,Iguazú (Norte)
-25.70594,-54.51571,2.7,0.4,Iguazú (Norte)
-25.70594,-54.51571,2.7,0.4,Iguazú (Norte)
-25.70621,-54.51582,2.7,0.4,Iguazú (Norte)
-25.70621,-54.51582,2.7,0.4,Iguazú (Norte)
-25.70703,-54.51616,2.7,0.4,Iguazú (Norte)
-25.70703,-54.51616,2.7,0.4,Iguazú (Norte)
-25.71213,-54.51824,2.7,0.4,Iguazú (Norte)
-25.71213,-54.51824,2.7,0.4,Iguazú (Norte)
-25.7138,-54.51892,2.7,0.4,Iguazú (Norte)
-25.7138,-54.51892,2.7,0.4,Iguazú (Norte)
-25.71459,-54.51924,2.7,0.4,Iguazú (Norte)
-25.71459,-54.51924,2.7,0.4,Iguazú (Norte)
-25.71539,-54.51957,2.7,0.4,Iguazú (Norte)
-25.71539,-54.51957,2.7,0.4,Iguazú (Norte)
-25.71665,-54.52009,2.7,0.4,Iguazú (Norte)
-25.717,-54.52025,2.7,0.4,Iguazú (Norte)
-25.71761,-54.52059,2.7,0.4,Iguazú (Norte)
-25.7178,-54.52072,2.7,0.4,Iguazú (Norte)
-25.7182,-54.52103,2.7,0.4,Iguazú (Norte)
-25.7182,-54.52103,2.7,0.4,Iguazú (Norte)
-25.7187,-54.52147,2.7,0.4,Iguazú (Norte)
-25.7187,-54.52147,2.7,0.4,Iguazú (Norte)
-25.71923,-54.52194,2.7,0.4,Iguazú (Norte)
-25.71923,-54.52194,2.7,0.4,Iguazú (Norte)
-25.72002,-54.52265,2.7,0.4,Iguazú (Norte)
-25.72002,-54.52265,2.7,0.4,Iguazú (Norte)
-25.72073,-54.52329,2.7,0.4,Iguazú (Norte)
-25.72073,-54.52329,2.7,0.4,Iguazú (Norte)
-25.72176,-54.52423,2.7,0.4,Iguazú (Norte)
-25.72176,-54.52423,2.7,0.4,Iguazú (Norte)
-25.72347,-54.52579,2.7,0.4,Iguazú (Norte)
-25.72347,-54.52579,2.7,0.4,Iguazú (Norte)
-25.72505,-54.52722,2.7,0.4,Iguazú (Norte)
-25.72505,-54.52722,2.7,0.4,Iguazú (Norte)
-25.72601,-54.52808,2.7,0.4,Iguazú (Norte)
-25.72601,-54.52808,2.7,0.4,Iguazú (Norte)
-25.72688,-54.52887,2.7,0.4,Iguazú (Norte)
-25.72688,-54.52887,2.7,0.4,Iguazú (Norte)
-25.72807,-54.52994,2.7,0.4,Iguazú (Norte)
-25.72807,-54.52994,2.7,0.4,Iguazú (Norte)
-25.72856,-54.53038,2.7,0.4,Iguazú (Norte)
-25.72856,-54.53038,2.7,0.4,Iguazú (Norte)
-25.72891,-54.5307,2.7,0.4,Iguazú (Norte)
-25.72891,-54.5307,2.7,0.4,Iguazú (Norte)
-25.72949,-54.53123,2.7,0.4,Iguazú (Norte)
-25.72949,-54.53123,2.7,0.4,Iguazú (Norte)
-25.73033,-54.53197,2.7,0.4,Iguazú (Norte)
-25.73048,-54.53209,2.7,0.4,Iguazú (Norte)
-25.73048,-54.53209,2.7,0.4,Iguazú (Norte)
-25.73062,-54.5322,2.7,0.4,Iguazú (Norte)
-25.73102,-54.53247,2.7,0.4,Iguazú (Norte)
-25.73122,-54.53259,2.7,0.4,Iguazú (Norte)
-25.73157,-54.53277,2.7,0.4,Iguazú (Norte)
-25.73193,-54.53292,2.7,0.4,Iguazú (Norte)
-25.73217,-54.533,2.7,0.4,Iguazú (Norte)
-25.73289,-54.53321,2.7,0.4,Iguazú (Norte)
-25.73289,-54.53321,2.7,0.4,Iguazú (Norte)
-25.7346,-54.53366,2.7,0.4,Iguazú (Norte)
-25.7346,-54.53366,2.7,0.4,Iguazú (Norte)
-25.73499,-54.53376,2.7,0.4,Iguazú (Norte)
-25.73499,-54.53376,2.7,0.4,Iguazú (Norte)
-25.7356,-54.53392,2.7,0.4,Iguazú (Norte)
-25.7356,-54.53392,2.7,0.4,Iguazú (Norte)
-25.73587,-54.53399,2.7,0.4,Iguazú (Norte)
-25.73587,-54.53399,2.7,0.4,Iguazú (Norte)
-25.73617,-54.53407,2.7,0.4,Iguazú (Norte)
-25.73617,-54.53407,2.7,0.4,Iguazú (Norte)
-25.73757,-54.53443,2.7,0.4,Iguazú (Norte)
-25.73757,-54.53443,2.7,0.4,Iguazú (Norte)
-25.73841,-54.53466,2.7,0.4,Iguazú (Norte)
-25.73841,-54.53466,2.7,0.4,Iguazú (Norte)
-25.73875,-54.53475,2.7,0.4,Iguazú (Norte)
-25.73875,-54.53475,2.7,0.4,Iguazú (Norte)
-25.73913,-54.53485,2.7,0.4,Iguazú (Norte)
-25.73913,-54.53485,2.7,0.4,Iguazú (Norte)
-25.73993,-54.53507,2.7,0.4,Iguazú (Norte)
-25.74053,-54.53529,2.7,0.4,Iguazú (Norte)
-25.74091,-54.53546,2.7,0.4,Iguazú (Norte)
-25.7411,-54.53556,2.7,0.4,Iguazú (Norte)
-25.74165,-54.53588,2.7,0.4,Iguazú (Norte)
-25.74165,-54.53588,2.7,0.4,Iguazú (Norte)
-25.74223,-54.53627,2.7,0.4,Iguazú (Norte)
-25.74223,-54.53627,2.7,0.4,Iguazú (Norte)
-25.74329,-54.53701,2.7,0.4,Iguazú (Norte)
-25.74329,-54.53701,2.7,0.4,Iguazú (Norte)
-25.74424,-54.53768,2.7,0.4,Iguazú (Norte)
-25.74424,-54.53768,2.7,0.4,Iguazú (Norte)
-25.74461,-54.53794,2.7,0.4,Iguazú (Norte)
-25.74461,-54.53794,2.7,0.4,Iguazú (Norte)
-25.74541,-54.53849,2.7,0.4,Iguazú (Norte)
-25.74541,-54.53849,2.7,0.4,Iguazú (Norte)
-25.74598,-54.53887,2.7,0.4,Iguazú (Norte)
-25.74636,-54.53909,2.7,0.4,Iguazú (Norte)
-25.74692,-54.53936,2.7,0.4,Iguazú (Norte)
-25.74734,-54.53952,2.7,0.4,Iguazú (Norte)
-25.74734,-54.53952,2.7,0.4,Iguazú (Norte)
-25.74798,-54.53972,2.7,0.4,Iguazú (Norte)
-25.74819,-54.53977,2.7,0.4,Iguazú (Norte)
-25.74863,-54.53985,2.7,0.4,Iguazú (Norte)
-25.74885,-54.53988,2.7,0.4,Iguazú (Norte)
-25.74928,-54.53991,2.7,0.4,Iguazú (Norte)
-25.74978,-54.5399,2.7,0.4,Iguazú (Norte)
-25.74978,-54.5399,2.7,0.4,Iguazú (Norte)
-25.7503,-54.53987,2.7,0.4,Iguazú (Norte)
-25.75118,-54.53979,2.7,0.4,Iguazú (Norte)
-25.75118,-54.53979,2.7,0.4,Iguazú (Norte)
-25.752,-54.53971,2.7,0.4,Iguazú (Norte)
-25.752,-54.53971,2.7,0.4,Iguazú (Norte)
-25.75295,-54.53961,2.7,0.4,Iguazú (Norte)
-25.75295,-54.53961,2.7,0.4,Iguazú (Norte)
-25.75655,-54.53925,2.7,0.4,Iguazú (Norte)
-25.75655,-54.53925,2.7,0.4,Iguazú (Norte)
-25.75831,-54.53907,2.7,0.4,Iguazú (Norte)
-25.75831,-54.53907,2.7,0.4,Iguazú (Norte)
-25.76208,-54.53868,2.7,0.4,Iguazú (Norte)
-25.76208,-54.53868,2.7,0.4,Iguazú (Norte)
-25.76279,-54.53861,2.7,0.4,Iguazú (Norte)
-25.76279,-54.53861,2.7,0.4,Iguazú (Norte)
-25.7634,-54.53855,2.7,0.4,Iguazú (Norte)
-25.7634,-54.53855,2.7,0.4,Iguazú (Norte)
-25.76577,-54.53832,2.7,0.4,Iguazú (Norte)
-25.76577,-54.53832,2.7,0.4,Iguazú (Norte)
-25.76688,-54.53821,2.7,0.4,Iguazú (Norte)
-25.76688,-54.53821,2.7,0.4,Iguazú (Norte)
-25.76855,-54.53804,2.7,0.4,Iguazú (Norte)
-25.76855,-54.53804,2.7,0.4,Iguazú (Norte)
-25.77359,-54.53753,2.7,0.4,Iguazú (Norte)
-25.77359,-54.53753,2.7,0.4,Iguazú (Norte)
-25.77558,-54.53733,2.7,0.4,Iguazú (Norte)
-25.77558,-54.53733,2.7,0.4,Iguazú (Norte)
-25.77661,-54.53722,2.7,0.4,Iguazú (Norte)
-25.77661,-54.53722,2.7,0.4,Iguazú (Norte)
-25.78014,-54.53687,2.7,0.4,Iguazú (Norte)
-25.7819,-54.53668,2.7,0.4,Iguazú (Norte)
-25.7819,-54.53668,2.7,0.4,Iguazú (Norte)
-25.78269,-54.5366,2.7,0.4,Iguazú (Norte)
-25.78269,-54.5366,2.7,0.4,Iguazú (Norte)
-25.78452,-54.53642,2.7,0.4,Iguazú (Norte)
-25.78452,-54.53642,2.7,0.4,Iguazú (Norte)
-25.78534,-54.53634,2.7,0.4,Iguazú (Norte)
-25.78534,-54.53634,2.7,0.4,Iguazú (Norte)
-25.78673,-54.53621,2.7,0.4,Iguazú (Norte)
-25.78696,-54.5362,2.7,0.4,Iguazú (Norte)
-25.78767,-54.53621,2.7,0.4,Iguazú (Norte)
-25.78816,-54.53625,2.7,0.4,Iguazú (Norte)
-25.78879,-54.53633,2.7,0.4,Iguazú (Norte)
-25.78879,-54.53633,2.7,0.4,Iguazú (Norte)
-25.79006,-54.53651,2.7,0.4,Iguazú (Norte)
-25.79006,-54.53651,2.7,0.4,Iguazú (Norte)
-25.79213,-54.53682,2.7,0.4,Iguazú (Norte)
-25.79213,-54.53682,2.7,0.4,Iguazú (Norte)
-25.79279,-54.53692,2.7,0.4,Iguazú (Norte)
-25.79279,-54.53692,2.7,0.4,Iguazú (Norte)
-25.79331,-54.537,2.7,0.4,Iguazú (Norte)
-25.79331,-54.537,2.7,0.4,Iguazú (Norte)
-25.79482,-54.53723,2.7,0.4,Iguazú (Norte)
-25.79482,-54.53723,2.7,0.4,Iguazú (Norte)
-25.79509,-54.53727,2.7,0.4,Iguazú (Norte)
-25.79509,-54.53727,2.7,0.4,Iguazú (Norte)
-25.7958,-54.53738,2.7,0.4,Iguazú (Norte)
-25.7958,-54.53738,2.7,0.4,Iguazú (Norte)
-25.79627,-54.53745,2.7,0.4,Iguazú (Norte)
-25.79627,-54.53745,2.7,0.4,Iguazú (Norte)
-25.79674,-54.53752,2.7,0.4,Iguazú (Norte)
-25.79674,-54.53752,2.7,0.4,Iguazú (Norte)
-25.79767,-54.53766,2.7,0.4,Iguazú (Norte)
-25.79767,-54.53766,2.7,0.4,Iguazú (Norte)
-25.79837,-54.53776,2.7,0.4,Iguazú (Norte)
-25.79837,-54.53776,2.7,0.4,Iguazú (Norte)
-25.79876,-54.53782,2.7,0.4,Iguazú (Norte)
-25.79876,-54.53782,2.7,0.4,Iguazú (Norte)
-25.79971,-54.53797,2.7,0.4,Iguazú (Norte)
-25.79971,-54.53797,2.7,0.4,Iguazú (Norte)
-25.80016,-54.53804,2.7,0.4,Iguazú (Norte)
-25.80016,-54.53804,2.7,0.4,Iguazú (Norte)
-25.80112,-54.53818,2.7,0.4,Iguazú (Norte)
-25.80112,-54.53818,2.7,0.4,Iguazú (Norte)
-25.80167,-54.53826,2.7,0.4,Iguazú (Norte)
-25.80167,-54.53826,2.7,0.4,Iguazú (Norte)
-25.80439,-54.53867,2.7,0.4,Iguazú (Norte)
-25.80439,-54.53867,2.7,0.4,Iguazú (Norte)
-25.80557,-54.53885,2.7,0.4,Iguazú (Norte)
-25.80557,-54.53885,2.7,0.4,Iguazú (Norte)
-25.80736,-54.53911,2.7,0.4,Iguazú (Norte)
-25.80777,-54.53915,2.7,0.4,Iguazú (Norte)
-25.80798,-54.53916,2.7,0.4,Iguazú (Norte)
-25.80871,-54.53916,2.7,0.4,Iguazú (Norte)
-25.80929,-54.53912,2.7,0.4,Iguazú (Norte)
-25.80972,-54.53907,2.7,0.4,Iguazú (Norte)
-25.80972,-54.53907,2.7,0.4,Iguazú (Norte)
-25.81088,-54.53891,2.7,0.4,Iguazú (Norte)
-25.81088,-54.53891,2.7,0.4,Iguazú (Norte)
-25.81341,-54.53855,2.7,0.4,Iguazú (Norte)
-25.81341,-54.53855,2.7,0.4,Iguazú (Norte)
-25.81603,-54.53817,2.7,0.4,Iguazú (Norte)
-25.61452,-54.5591,1.96,0.0,101
-25.61483,-54.55881,1.96,0.0,101
-25.61483,-54.55881,1.96,0.0,101
-25.61502,-54.55861,1.96,0.0,101
-25.61502,-54.55861,1.96,0.0,101
-25.61518,-54.55845,1.96,0.0,101
-25.61518,-54.55845,1.96,0.0,101
-25.61536,-54.55828,1.96,0.0,101
-25.61536,-54.55828,1.96,0.0,101
-25.61572,-54.55794,1.96,0.0,101
-25.61572,-54.55794,1.96,0.0,101
-25.61599,-54.55768,1.96,0.0,101
-25.61599,-54.55768,1.96,0.0,101
-25.61646,-54.55723,1.96,0.0,101
-25.61646,-54.55723,1.96,0.0,101
-25.61653,-54.55716,1.96,0.0,101
-25.61653,-54.55716,1.96,0.0,101
-25.61697,-54.55674,1.96,0.0,101
-25.61697,-54.55674,1.96,0.0,101
-25.61736,-54.55636,1.96,0.0,101
-25.61736,-54.55636,1.96,0.0,101
-25.61755,-54.55618,1.96,0.0,101
-25.61755,-54.55618,1.96,0.0,101
-25.61762,-54.55611,1.96,0.0,101
-25.61762,-54.55611,1.96,0.0,101
-25.61804,-54.5557,1.96,0.0,101
-25.61804,-54.5557,1.96,0.0,101
-25.6182,-54.55555,1.96,0.0,101
-25.6182,-54.55555,1.96,0.0,101
-25.61879,-54.555,1.96,0.0,101
-25.61879,-54.555,1.96,0.0,101
-25.61999,-54.55385,1.96,0.0,101
-25.61999,-54.55385,1.96,0.0,101
-25.6202,-54.55364,1.96,0.0,101
-25.6202,-54.55364,1.96,0.0,101
-25.62059,-54.55325,1.96,0.0,101
-25.62059,-54.55325,1.96,0.0,101
-25.62114,-54.55274,1.96,0.0,101
-25.62114,-54.55274,1.96,0.0,101
-25.62168,-54.55223,1.96,0.0,101
-25.62168,-54.55223,1.96,0.0,101
-25.62175,-54.55216,1.96,0.0,101
-25.62175,-54.55216,1.96,0.0,101
-25.62204,-54.55188,1.96,0.0,101
-25.62204,-54.55188,1.96,0.0,101
-25.62221,-54.55172,1.96,0.0,101
-25.62221,-54.55172,1.96,0.0,101
-25.62346,-54.55052,1.96,0.0,101
-25.62346,-54.55052,1.96,0.0,101
-25.62397,-54.55003,1.96,0.0,101
-25.62397,-54.55003,1.96,0.0,101
-25.62427,-54.54975,1.96,0.0,101
-25.62427,-54.54975,1.96,0.0,101
-25.62482,-54.54922,1.96,0.0,101
-25.62482,-54.54922,1.96,0.0,101
-25.62528,-54.54878,1.96,0.0,101
-25.62528,-54.54878,1.96,0.0,101
-25.62588,-54.54821,1.96,0.0,101
-25.62588,-54.54821,1.96,0.0,101
-25.62623,-54.54788,1.96,0.0,101
-25.62623,-54.54788,1.96,0.0,101
-25.62633,-54.54778,1.96,0.0,101
-25.62643,-54.54765,1.96,0.0,101
-25.62643,-54.54765,1.96,0.0,101
-25.62673,-54.54738,1.96,0.0,101
-25.62673,-54.54738,1.96,0.0,101
-25.62713,-54.54702,1.96,0.0,101
-25.62713,-54.54702,1.96,0.0,101
-25.62755,-54.54662,1.96,0.0,101
-25.62755,-54.54662,1.96,0.0,101
-25.62778,-54.5464,1.96,0.0,101
-25.62778,-54.5464,1.96,0.0,101
-25.62802,-54.54617,1.96,0.0,101
-25.62802,-54.54617,1.96,0.0,101
-25.62835,-54.54585,1.96,0.0,101
-25.62835,-54.54585,1.96,0.0,101
-25.62879,-54.54543,1.96,0.0,101
-25.62879,-54.54543,1.96,0.0,101
-25.62916,-54.54508,1.96,0.0,101
-25.62916,-54.54508,1.96,0.0,101
-25.63063,-54.54367,1.96,0.0,101
-25.63063,-54.54367,1.96,0.0,101
-25.63181,-54.54255,1.96,0.0,101
-25.63264,-54.54178,1.96,0.0,101
-25.63264,-54.54178,1.96,0.0,101
-25.6329,-54.54153,1.96,0.0,101
-25.6329,-54.54153,1.96,0.0,101
-25.6342,-54.54032,1.96,0.0,101
-25.6342,-54.54032,1.96,0.0,101
-25.6345,-54.54004,1.96,0.0,101
-25.6345,-54.54004,1.96,0.0,101
-25.63503,-54.53955,1.96,0.0,101
-25.63503,-54.53955,1.96,0.0,101
-25.63644,-54.53825,1.96,0.0,101
-25.63644,-54.53825,1.96,0.0,101
-25.63754,-54.53723,1.96,0.0,101
-25.63754,-54.53723,1.96,0.0,101
-25.63774,-54.53705,1.96,0.0,101
-25.63774,-54.53705,1.96,0.0,101
-25.63888,-54.53599,1.96,0.0,101
-25.63888,-54.53599,1.96,0.0,101
-25.6393,-54.5356,1.96,0.0,101
-25.6393,-54.5356,1.96,0.0,101
-25.6397,-54.53523,1.96,0.0,101
-25.6397,-54.53523,1.96,0.0,101
-25.64044,-54.53454,1.96,0.0,101
-25.64044,-54.53454,1.96,0.0,101
-25.64095,-54.53407,1.96,0.0,101
-25.64152,-54.53352,1.96,0.0,101
-25.64152,-54.53352,1.96,0.0,101
-25.64183,-54.53321,1.96,0.0,101
-25.64199,-54.53303,1.96,0.0,101
-25.64229,-54.53267,1.96,0.0,101
-25.64294,-54.53185,1.96,0.0,101
-25.64294,-54.53185,1.96,0.0,101
-25.64341,-54.53125,1.96,0.0,101
-25.64341,-54.53125,1.96,0.0,101
-25.64416,-54.53029,1.96,0.0,101
-25.64416,-54.53029,1.96,0.0,101
-25.64589,-54.52807,1.96,0.0,101
-25.64589,-54.52807,1.96,0.0,101
-25.64702,-54.52662,1.96,0.0,101
-25.64702,-54.52662,1.96,0.0,101
-25.64825,-54.52505,1.96,0.0,101
-25.64825,-54.52505,1.96,0.0,101
-25.65092,-54.52163,1.96,0.0,101
-25.65092,-54.52163,1.96,0.0,101
-25.65186,-54.52043,1.96,0.0,101
-25.65186,-54.52043,1.96,0.0,101
-25.65247,-54.51965,1.96,0.0,101
-25.65247,-54.51965,1.96,0.0,101
-25.65267,-54.51939,1.96,0.0,101
-25.65267,-54.51939,1.96,0.0,101
-25.65325,-54.51865,1.96,0.0,101
-25.65325,-54.51865,1.96,0.0,101
-25.65411,-54.51756,1.96,0.0,101
-25.65411,-54.51756,1.96,0.0,101
-25.65486,-54.51661,1.96,0.0,101
-25.65486,-54.51661,1.96,0.0,101
-25.65538,-54.51594,1.96,0.0,101
-25.65538,-54.51594,1.96,0.0,101
-25.65822,-54.51232,1.96,0.0,101
-25.65822,-54.51232,1.96,0.0,101
-25.65921,-54.51106,1.96,0.0,101
-25.65921,-54.51106,1.96,0.0,101
-25.65964,-54.51051,1.96,0.0,101
-25.65964,-54.51051,1.96,0.0,101
-25.66009,-54.50994,1.96,0.0,101
-25.66009,-54.50994,1.96,0.0,101
-25.66068,-54.50918,1.96,0.0,101
-25.66068,-54.50918,1.96,0.0,101
-25.66102,-54.50875,1.96,0.0,101
-25.66102,-54.50875,1.96,0.0,101
-25.66149,-54.50815,1.96,0.0,101
-25.66149,-54.50815,1.96,0.0,101
-25.66178,-54.50778,1.96,0.0,101
-25.66178,-54.50778,1.96,0.0,101
-25.66246,-54.50691,1.96,0.0,101
-25.66246,-54.50691,1.96,0.0,101
-25.66294,-54.5063,1.96,0.0,101
-25.66294,-54.5063,1.96,0.0,101
-25.66547,-54.50307,1.96,0.0,101
-25.66547,-54.50307,1.96,0.0,101
-25.66575,-54.50271,1.96,0.0,101
-25.66575,-54.50271,1.96,0.0,101
-25.66784,-54.50005,1.96,0.0,101
-25.66784,-54.50005,1.96,0.0,101
-25.66807,-54.49982,1.96,0.0,101
-25.66844,-54.49936,1.96,0.0,101
-25.66844,-54.49936,1.96,0.0,101
-25.66867,-54.49921,1.96,0.0,101
-25.66881,-54.49915,1.96,0.0,101
-25.66889,-54.49913,1.96,0.0,101
-25.66905,-54.49912,1.96,0.0,101
-25.66942,-54.49917,1.96,0.0,101
-25.59812,-54.56928,1.25,1.7,Hipólito Yrigoyen
-25.59811,-54.56854,1.25,1.7,Hipólito Yrigoyen
-25.59811,-54.56854,1.25,1.7,Hipólito Yrigoyen
-25.59809,-54.56777,1.25,1.7,Hipólito Yrigoyen
-25.59809,-54.56777,1.25,1.7,Hipólito Yrigoyen
-25.5981,-54.56705,1.25,1.7,Hipólito Yrigoyen
-25.5981,-54.56705,1.25,1.7,Hipólito Yrigoyen
-25.59811,-54.56661,1.25,1.7,Hipólito Yrigoyen
-25.59814,-54.56646,1.25,1.7,Hipólito Yrigoyen
-25.5981,-54.56705,1.48,3.7,Avenida Córdoba
-25.59809,-54.56777,1.48,3.7,Avenida Córdoba
-25.59809,-54.56777,1.48,3.7,Avenida Córdoba
-25.59811,-54.56854,1.48,3.7,Avenida Córdoba
-25.59811,-54.56854,1.48,3.7,Avenida Córdoba
-25.59812,-54.56928,1.48,3.7,Avenida Córdoba
-25.59812,-54.56928,1.48,3.7,Avenida Córdoba
-25.59814,-54.56994,1.48,3.7,Avenida Córdoba
-25.59817,-54.57039,1.48,3.7,Avenida Córdoba
-25.59817,-54.57039,10.57,8.0,Avenida Córdoba
-25.59814,-54.56994,10.57,8.0,Avenida Córdoba
-25.59812,-54.56928,10.57,8.0,Avenida Córdoba
-25.60076,-54.57184,1.28,1.0,Avenida Guaraní
-25.59986,-54.57133,1.28,1.0,Avenida Guaraní
-25.59986,-54.57133,1.28,1.0,Avenida Guaraní
-25.59893,-54.57082,1.28,1.0,Avenida Guaraní
-25.59893,-54.57082,1.28,1.0,Avenida Guaraní
-25.59888,-54.57079,1.28,1.0,Avenida Guaraní
-25.59888,-54.57079,1.28,1.0,Avenida Guaraní
-25.59859,-54.57063,1.28,1.0,Avenida Guaraní
-25.59859,-54.57063,1.28,1.0,Avenida Guaraní
-25.59817,-54.57039,1.28,1.0,Avenida Guaraní
-25.59893,-54.57082,17.1,8.1,Avenida Victoria Aguirre Este
-25.59986,-54.57133,17.1,8.1,Avenida Victoria Aguirre Este
-25.59986,-54.57133,17.1,8.1,Avenida Victoria Aguirre Este
-25.60076,-54.57184,17.1,8.1,Avenida Victoria Aguirre Este
-25.60076,-54.57184,17.1,8.1,Avenida Victoria Aguirre Este
-25.60182,-54.57243,17.1,8.1,Avenida Victoria Aguirre Este
-25.59817,-54.57039,1.57,4.3,Avenida Guaraní
-25.59859,-54.57063,1.57,4.3,Avenida Guaraní
-25.59859,-54.57063,1.57,4.3,Avenida Guaraní
-25.59888,-54.57079,1.57,4.3,Avenida Guaraní
-25.59888,-54.57079,1.57,4.3,Avenida Guaraní
-25.59893,-54.57082,1.57,4.3,Avenida Guaraní
-25.60589,-54.56383,3.48,5.4,Argentina/Brazil
-25.6056,-54.56386,3.48,5.4,Argentina/Brazil
-25.60545,-54.56386,3.48,5.4,Argentina/Brazil
-25.60514,-54.56383,3.48,5.4,Argentina/Brazil
-25.60514,-54.56383,3.48,5.4,Argentina/Brazil
-25.6049,-54.56377,3.48,5.4,Argentina/Brazil
-25.6049,-54.56377,3.48,5.4,Argentina/Brazil
-25.60456,-54.56366,3.48,5.4,Argentina/Brazil
-25.60456,-54.56366,3.48,5.4,Argentina/Brazil
-25.60426,-54.56355,3.48,5.4,Argentina/Brazil
-25.60426,-54.56355,3.48,5.4,Argentina/Brazil
-25.60402,-54.56346,3.48,5.4,Argentina/Brazil
-25.60402,-54.56346,3.48,5.4,Argentina/Brazil
-25.6037,-54.56334,3.48,5.4,Argentina/Brazil
-25.6037,-54.56334,3.48,5.4,Argentina/Brazil
-25.60322,-54.56316,3.48,5.4,Argentina/Brazil
-25.60322,-54.56316,3.48,5.4,Argentina/Brazil
-25.60276,-54.56299,3.48,5.4,Argentina/Brazil
-25.60276,-54.56299,3.48,5.4,Argentina/Brazil
-25.60106,-54.56238,3.48,5.4,Argentina/Brazil
-25.60106,-54.56238,3.48,5.4,Argentina/Brazil
-25.60085,-54.56224,3.48,5.4,Argentina/Brazil
-25.60085,-54.56224,3.48,5.4,Argentina/Brazil
-25.60029,-54.56203,3.48,5.4,Argentina/Brazil
-25.60029,-54.56203,3.48,5.4,Argentina/Brazil
-25.59912,-54.5616,3.48,5.4,Argentina/Brazil
-25.59912,-54.5616,3.48,5.4,Argentina/Brazil
-25.59898,-54.56156,3.48,5.4,Argentina/Brazil
-25.59898,-54.56156,3.48,5.4,Argentina/Brazil
-25.59871,-54.56153,3.48,5.4,Argentina/Brazil
-25.59871,-54.56153,3.48,5.4,Argentina/Brazil
-25.59818,-54.56133,3.48,5.4,Argentina/Brazil
-25.59818,-54.56133,3.48,5.4,Argentina/Brazil
-25.5974,-54.56099,3.48,5.4,Argentina/Brazil
-25.5974,-54.56099,3.48,5.4,Argentina/Brazil
-25.59676,-54.56053,3.48,5.4,Argentina/Brazil
-25.59644,-54.56024,3.48,5.4,Argentina/Brazil
-25.59526,-54.55929,3.48,5.4,Argentina/Brazil
-25.59508,-54.55917,3.48,5.4,Argentina/Brazil
-25.5946,-54.55891,3.48,5.4,Argentina/Brazil
-25.59424,-54.55879,3.48,5.4,Argentina/Brazil
-25.59399,-54.55874,3.48,5.4,Argentina/Brazil
-25.59374,-54.55873,3.48,5.4,Argentina/Brazil
-25.59348,-54.55874,3.48,5.4,Argentina/Brazil
-25.59323,-54.55879,3.48,5.4,Argentina/Brazil
-25.59299,-54.55886,3.48,5.4,Argentina/Brazil
-25.59282,-54.55893,3.48,5.4,Argentina/Brazil
-25.59282,-54.55893,3.48,5.4,Argentina/Brazil
-25.59269,-54.55898,3.48,5.4,Argentina/Brazil
-25.5925,-54.55908,3.48,5.4,Argentina/Brazil
-25.59183,-54.55952,3.48,5.4,Argentina/Brazil
-25.59183,-54.55952,3.48,5.4,Argentina/Brazil
-25.59073,-54.56032,3.48,5.4,Argentina/Brazil
-25.59041,-54.56049,3.48,5.4,Argentina/Brazil
-25.59041,-54.56049,3.48,5.4,Argentina/Brazil
-25.59007,-54.56079,3.48,5.4,Argentina/Brazil
-25.59007,-54.56079,3.48,5.4,Argentina/Brazil
-25.58957,-54.56106,3.48,5.4,Argentina/Brazil
-25.58957,-54.56106,3.48,5.4,Argentina/Brazil
-25.58882,-54.56157,3.48,5.4,Argentina/Brazil
-25.59041,-54.56049,1.35,0.6,Avenida Presidente Perón
-25.59073,-54.56032,1.35,0.6,Avenida Presidente Perón
-25.59183,-54.55952,1.35,0.6,Avenida Presidente Perón
-25.59183,-54.55952,1.35,0.6,Avenida Presidente Perón
-25.5925,-54.55908,1.35,0.6,Avenida Presidente Perón
-25.59269,-54.55898,1.35,0.6,Avenida Presidente Perón
-25.59282,-54.55893,1.35,0.6,Avenida Presidente Perón
-25.59282,-54.55893,1.35,0.6,Avenida Presidente Perón
-25.59299,-54.55886,1.35,0.6,Avenida Presidente Perón
-25.59323,-54.55879,1.35,0.6,Avenida Presidente Perón
-25.59348,-54.55874,1.35,0.6,Avenida Presidente Perón
-25.59374,-54.55873,1.35,0.6,Avenida Presidente Perón
-25.59399,-54.55874,1.35,0.6,Avenida Presidente Perón
-25.59424,-54.55879,1.35,0.6,Avenida Presidente Perón
-25.5946,-54.55891,1.35,0.6,Avenida Presidente Perón
-25.59508,-54.55917,1.35,0.6,Avenida Presidente Perón
-25.59526,-54.55929,1.35,0.6,Avenida Presidente Perón
-25.59644,-54.56024,1.35,0.6,Avenida Presidente Perón
-25.59676,-54.56053,1.35,0.6,Avenida Presidente Perón
-25.5974,-54.56099,1.35,0.6,Avenida Presidente Perón
-25.5974,-54.56099,1.35,0.6,Avenida Presidente Perón
-25.59818,-54.56133,1.35,0.6,Avenida Presidente Perón
-25.59818,-54.56133,1.35,0.6,Avenida Presidente Perón
-25.59871,-54.56153,1.35,0.6,Avenida Presidente Perón
-25.59871,-54.56153,1.35,0.6,Avenida Presidente Perón
-25.59898,-54.56168,1.35,0.6,Avenida Presidente Perón
-25.59898,-54.56168,1.35,0.6,Avenida Presidente Perón
-25.59907,-54.56173,1.35,0.6,Avenida Presidente Perón
-25.59907,-54.56173,1.35,0.6,Avenida Presidente Perón
-25.60026,-54.56215,1.35,0.6,Avenida Presidente Perón
-25.60026,-54.56215,1.35,0.6,Avenida Presidente Perón
-25.60081,-54.56234,1.35,0.6,Avenida Presidente Perón
-25.60081,-54.56234,1.35,0.6,Avenida Presidente Perón
-25.60106,-54.56238,1.35,0.6,Avenida Presidente Perón
-25.60106,-54.56238,1.35,0.6,Avenida Presidente Perón
-25.60276,-54.56299,1.35,0.6,Avenida Presidente Perón
-25.60276,-54.56299,1.35,0.6,Avenida Presidente Perón
-25.60322,-54.56316,1.35,0.6,Avenida Presidente Perón
-25.60322,-54.56316,1.35,0.6,Avenida Presidente Perón
-25.6037,-54.56334,1.35,0.6,Avenida Presidente Perón
-25.6037,-54.56334,1.35,0.6,Avenida Presidente Perón
-25.60402,-54.56346,1.35,0.6,Avenida Presidente Perón
-25.60402,-54.56346,1.35,0.6,Avenida Presidente Perón
-25.60426,-54.56355,1.35,0.6,Avenida Presidente Perón
-25.60426,-54.56355,1.35,0.6,Avenida Presidente Perón
-25.60456,-54.56366,1.35,0.6,Avenida Presidente Perón
-25.60456,-54.56366,1.35,0.6,Avenida Presidente Perón
-25.6049,-54.56377,1.35,0.6,Avenida Presidente Perón
-25.6049,-54.56377,1.35,0.6,Avenida Presidente Perón
-25.60514,-54.56383,1.35,0.6,Avenida Presidente Perón
-25.60514,-54.56383,1.35,0.6,Avenida Presidente Perón
-25.60545,-54.56386,1.35,0.6,Avenida Presidente Perón
-25.6056,-54.56386,1.35,0.6,Avenida Presidente Perón
-25.60589,-54.56383,1.35,0.6,Avenida Presidente Perón
-25.60589,-54.56383,1.35,0.6,Avenida Presidente Perón
-25.60603,-54.5638,1.35,0.6,Avenida Presidente Perón
-25.60635,-54.56369,1.35,0.6,Avenida Presidente Perón
-25.58882,-54.56157,1.39,2.3,Argentina/Brazil
-25.58957,-54.56106,1.39,2.3,Argentina/Brazil
-25.58957,-54.56106,1.39,2.3,Argentina/Brazil
-25.59007,-54.56079,1.39,2.3,Argentina/Brazil
-25.59007,-54.56079,1.39,2.3,Argentina/Brazil
-25.59041,-54.56049,1.39,2.3,Argentina/Brazil
-25.6062,-54.56471,2.2,0.7,Avenida Presidente Perón
-25.60531,-54.56519,2.2,0.7,Avenida Presidente Perón
-25.61104,-54.56157,1.32,2.1,Avenida Presidente Perón
-25.61107,-54.56195,1.32,2.1,Avenida Presidente Perón
-25.61107,-54.56208,1.32,2.1,Avenida Presidente Perón
-25.61104,-54.56236,1.32,2.1,Avenida Presidente Perón
-25.61104,-54.56236,1.32,2.1,Avenida Presidente Perón
-25.61101,-54.5625,1.32,2.1,Avenida Presidente Perón
-25.61096,-54.56264,1.32,2.1,Avenida Presidente Perón
-25.61096,-54.56264,1.32,2.1,Avenida Presidente Perón
-25.61081,-54.56297,1.32,2.1,Avenida Presidente Perón
-25.61081,-54.56297,1.32,2.1,Avenida Presidente Perón
-25.61055,-54.56327,1.32,2.1,Avenida Presidente Perón
-25.61055,-54.56327,1.32,2.1,Avenida Presidente Perón
-25.61001,-54.56386,1.32,2.1,Avenida Presidente Perón
-25.61001,-54.56386,1.32,2.1,Avenida Presidente Perón
-25.60898,-54.56496,1.32,2.1,Avenida Presidente Perón
-25.60898,-54.56496,1.32,2.1,Avenida Presidente Perón
-25.60872,-54.56524,1.32,2.1,Avenida Presidente Perón
-25.60872,-54.56524,1.32,2.1,Avenida Presidente Perón
-25.60851,-54.56548,1.32,2.1,Avenida Presidente Perón
-25.60851,-54.56548,1.32,2.1,Avenida Presidente Perón
-25.60798,-54.5661,1.32,2.1,Avenida Presidente Perón
-25.60798,-54.5661,1.32,2.1,Avenida Presidente Perón
-25.60733,-54.56679,1.32,2.1,Avenida Presidente Perón
-25.60733,-54.56679,1.32,2.1,Avenida Presidente Perón
-25.60641,-54.56773,1.32,2.1,Avenida Presidente Perón
-25.60641,-54.56773,1.09,0.7,12
-25.60733,-54.56679,1.09,0.7,12
-25.60733,-54.56679,1.09,0.7,12
-25.60798,-54.5661,1.09,0.7,12
-25.60798,-54.5661,1.09,0.7,12
-25.60851,-54.56548,1.09,0.7,12
-25.60851,-54.56548,1.09,0.7,12
-25.60872,-54.56524,1.09,0.7,12
-25.60872,-54.56524,1.09,0.7,12
-25.60898,-54.56496,1.09,0.7,12
-25.60898,-54.56496,1.09,0.7,12
-25.61001,-54.56386,1.09,0.7,12
-25.61001,-54.56386,1.09,0.7,12
-25.61055,-54.56327,1.09,0.7,12
-25.61055,-54.56327,1.09,0.7,12
-25.61081,-54.56297,1.09,0.7,12
-25.61081,-54.56297,1.09,0.7,12
-25.61103,-54.56274,1.09,0.7,12
-25.61103,-54.56274,1.09,0.7,12
-25.61127,-54.56245,1.09,0.7,12
-25.61127,-54.56245,1.09,0.7,12
-25.61166,-54.56198,1.09,0.7,12
-25.6117,-54.56192,1.09,0.7,12
-25.61173,-54.56183,1.09,0.7,12
-25.61173,-54.56183,1.09,0.7,12
-25.61186,-54.5617,1.09,0.7,12
-25.61186,-54.5617,1.09,0.7,12
-25.61191,-54.56162,1.09,0.7,12
-25.61196,-54.56147,1.09,0.7,12
-25.61195,-54.56129,1.09,0.7,12
-25.61193,-54.5612,1.09,0.7,12
-25.61189,-54.56111,1.09,0.7,12
-25.61184,-54.56104,1.09,0.7,12
-25.61177,-54.56097,1.09,0.7,12
-25.61164,-54.5609,1.09,0.7,12
-25.61446,-54.55902,0.2,2.4,12
-25.61452,-54.5591,0.2,2.4,12
-25.61164,-54.5609,0.38,1.4,12
-25.61145,-54.56089,0.38,1.4,12
-25.61145,-54.56089,0.38,1.4,12
-25.61132,-54.56092,0.38,1.4,12
-25.61124,-54.56096,0.38,1.4,12
-25.61117,-54.56101,0.38,1.4,12
-25.61111,-54.56108,0.38,1.4,12
-25.61106,-54.56117,0.38,1.4,12
-25.61103,-54.56127,0.38,1.4,12
-25.61102,-54.56146,0.38,1.4,12
-25.61102,-54.56146,0.38,1.4,12
-25.61104,-54.56157,0.38,1.4,12
-25.61145,-54.56089,0.95,1.3,Avenida Presidente Perón
-25.61128,-54.56083,0.95,1.3,Avenida Presidente Perón
-25.61113,-54.5608,0.95,1.3,Avenida Presidente Perón
-25.61058,-54.56073,0.95,1.3,Avenida Presidente Perón
-25.61031,-54.56072,0.95,1.3,Avenida Presidente Perón
-25.61031,-54.56072,0.95,1.3,Avenida Presidente Perón
-25.60998,-54.5607,0.95,1.3,Avenida Presidente Perón
-25.60973,-54.56073,0.95,1.3,Avenida Presidente Perón
-25.60936,-54.56084,0.95,1.3,Avenida Presidente Perón
-25.6091,-54.56096,0.95,1.3,Avenida Presidente Perón
-25.6091,-54.56096,0.95,1.3,Avenida Presidente Perón
-25.60886,-54.56111,0.95,1.3,Avenida Presidente Perón
-25.60873,-54.56121,0.95,1.3,Avenida Presidente Perón
-25.6086,-54.56133,0.95,1.3,Avenida Presidente Perón
-25.60834,-54.56162,0.95,1.3,Avenida Presidente Perón
-25.60812,-54.56189,0.95,1.3,Avenida Presidente Perón
-25.60812,-54.56189,0.95,1.3,Avenida Presidente Perón
-25.60795,-54.56211,0.95,1.3,Avenida Presidente Perón
-25.60795,-54.56211,0.95,1.3,Avenida Presidente Perón
-25.60768,-54.56246,0.95,1.3,Avenida Presidente Perón
-25.60768,-54.56246,0.95,1.3,Avenida Presidente Perón
-25.6072,-54.56305,0.95,1.3,Avenida Presidente Perón
-25.60694,-54.56331,0.95,1.3,Avenida Presidente Perón
-25.60674,-54.56347,0.95,1.3,Avenida Presidente Perón
-25.60674,-54.56347,0.95,1.3,Avenida Presidente Perón
-25.60657,-54.56358,0.95,1.3,Avenida Presidente Perón
-25.60657,-54.56358,0.95,1.3,Avenida Presidente Perón
-25.60635,-54.56369,0.95,1.3,Avenida Presidente Perón
-25.60635,-54.56369,0.95,1.3,Avenida Presidente Perón
-25.60603,-54.5638,0.95,1.3,Avenida Presidente Perón
-25.60589,-54.56383,0.95,1.3,Avenida Presidente Perón
-25.61446,-54.55902,0.76,1.0,Avenida Victoria Aguirre Este
-25.61434,-54.55914,0.76,1.0,Avenida Victoria Aguirre Este
-25.61434,-54.55914,0.76,1.0,Avenida Victoria Aguirre Este
-25.61419,-54.55929,0.76,1.0,Avenida Victoria Aguirre Este
-25.61419,-54.55929,0.76,1.0,Avenida Victoria Aguirre Este
-25.61395,-54.55952,0.76,1.0,Avenida Victoria Aguirre Este
-25.61395,-54.55952,0.76,1.0,Avenida Victoria Aguirre Este
-25.61378,-54.55968,0.76,1.0,Avenida Victoria Aguirre Este
-25.61378,-54.55968,0.76,1.0,Avenida Victoria Aguirre Este
-25.61332,-54.56013,0.76,1.0,Avenida Victoria Aguirre Este
-25.61332,-54.56013,0.76,1.0,Avenida Victoria Aguirre Este
-25.61298,-54.56045,0.76,1.0,Avenida Victoria Aguirre Este
-25.61276,-54.56062,0.76,1.0,Avenida Victoria Aguirre Este
-25.61266,-54.56068,0.76,1.0,Avenida Victoria Aguirre Este
-25.61244,-54.56079,0.76,1.0,Avenida Victoria Aguirre Este
-25.61232,-54.56083,0.76,1.0,Avenida Victoria Aguirre Este
-25.61206,-54.56088,0.76,1.0,Avenida Victoria Aguirre Este
-25.61206,-54.56088,0.76,1.0,Avenida Victoria Aguirre Este
-25.61164,-54.5609,0.76,1.0,Avenida Victoria Aguirre Este
-25.61164,-54.5609,0.76,1.0,Avenida Victoria Aguirre Este
-25.61145,-54.56089,0.76,1.0,Avenida Victoria Aguirre Este
-25.61186,-54.5617,1.21,0.0,Avenida De Los Trabajadores
-25.61201,-54.5616,1.21,0.0,Avenida De Los Trabajadores
-25.61209,-54.56153,1.21,0.0,Avenida De Los Trabajadores
-25.61209,-54.56153,1.21,0.0,Avenida De Los Trabajadores
-25.6125,-54.56112,1.21,0.0,Avenida De Los Trabajadores
-25.6125,-54.56112,1.21,0.0,Avenida De Los Trabajadores
-25.61333,-54.56027,1.21,0.0,Avenida De Los Trabajadores
-25.61333,-54.56027,1.21,0.0,Avenida De Los Trabajadores
-25.61342,-54.56018,1.21,0.0,Avenida De Los Trabajadores
-25.61342,-54.56018,1.21,0.0,Avenida De Los Trabajadores
-25.61435,-54.55927,1.21,0.0,Avenida De Los Trabajadores
-25.61435,-54.55927,1.21,0.0,Avenida De Los Trabajadores
-25.61452,-54.5591,1.21,0.0,Avenida De Los Trabajadores
-25.60635,-54.56369,0.78,0.0,Avenida Victoria Aguirre Este
-25.60657,-54.56358,0.78,0.0,Avenida Victoria Aguirre Este
-25.60657,-54.56358,0.78,0.0,Avenida Victoria Aguirre Este
-25.60674,-54.56347,0.78,0.0,Avenida Victoria Aguirre Este
-25.60674,-54.56347,0.78,0.0,Avenida Victoria Aguirre Este
-25.60694,-54.56331,0.78,0.0,Avenida Victoria Aguirre Este
-25.6072,-54.56305,0.78,0.0,Avenida Victoria Aguirre Este
-25.60768,-54.56246,0.78,0.0,Avenida Victoria Aguirre Este
-25.60768,-54.56246,0.78,0.0,Avenida Victoria Aguirre Este
-25.60795,-54.56211,0.78,0.0,Avenida Victoria Aguirre Este
-25.60795,-54.56211,0.78,0.0,Avenida Victoria Aguirre Este
-25.60812,-54.56189,0.78,0.0,Avenida Victoria Aguirre Este
-25.60812,-54.56189,0.78,0.0,Avenida Victoria Aguirre Este
-25.60834,-54.56162,0.78,0.0,Avenida Victoria Aguirre Este
-25.6086,-54.56133,0.78,0.0,Avenida Victoria Aguirre Este
-25.60873,-54.56121,0.78,0.0,Avenida Victoria Aguirre Este
-25.60886,-54.56111,0.78,0.0,Avenida Victoria Aguirre Este
-25.6091,-54.56096,0.78,0.0,Avenida Victoria Aguirre Este
-25.6091,-54.56096,0.78,0.0,Avenida Victoria Aguirre Este
-25.60936,-54.56084,0.78,0.0,Avenida Victoria Aguirre Este
-25.60973,-54.56073,0.78,0.0,Avenida Victoria Aguirre Este
-25.60998,-54.5607,0.78,0.0,Avenida Victoria Aguirre Este
-25.61031,-54.56072,0.78,0.0,Avenida Victoria Aguirre Este
-25.61031,-54.56072,0.78,0.0,Avenida Victoria Aguirre Este
-25.61058,-54.56088,0.78,0.0,Avenida Victoria Aguirre Este
-25.61075,-54.56103,0.78,0.0,Avenida Victoria Aguirre Este
-25.61084,-54.56115,0.78,0.0,Avenida Victoria Aguirre Este
-25.61102,-54.56146,0.78,0.0,Avenida Victoria Aguirre Este
-25.61102,-54.56146,0.78,0.0,Avenida Victoria Aguirre Este
-25.61104,-54.56157,0.78,0.0,Avenida Victoria Aguirre Este
-25.61104,-54.56157,0.78,0.0,Avenida Victoria Aguirre Este
-25.61111,-54.5617,0.78,0.0,Avenida Victoria Aguirre Este
-25.61118,-54.56178,0.78,0.0,Avenida Victoria Aguirre Este
-25.61127,-54.56185,0.78,0.0,Avenida Victoria Aguirre Este
-25.61135,-54.56189,0.78,0.0,Avenida Victoria Aguirre Este
-25.61143,-54.56191,0.78,0.0,Avenida Victoria Aguirre Este
-25.6116,-54.5619,0.78,0.0,Avenida Victoria Aguirre Este
-25.61173,-54.56183,0.78,0.0,Avenida Victoria Aguirre Este
-25.61173,-54.56183,0.78,0.0,Avenida Victoria Aguirre Este
-25.61186,-54.5617,0.78,0.0,Avenida Victoria Aguirre Este
-25.68749,-54.31228,4.76,0.0,Acceso a Aeropuerto
-25.68773,-54.31242,4.76,0.0,Acceso a Aeropuerto
-25.68812,-54.31276,4.76,0.0,Acceso a Aeropuerto
-25.68829,-54.31302,4.76,0.0,Acceso a Aeropuerto
-25.68856,-54.31348,4.76,0.0,Acceso a Aeropuerto
-25.68879,-54.31378,4.76,0.0,Acceso a Aeropuerto
-25.68906,-54.31405,4.76,0.0,Acceso a Aeropuerto
-25.68924,-54.31426,4.76,0.0,Acceso a Aeropuerto
-25.68937,-54.31447,4.76,0.0,Acceso a Aeropuerto
-25.68942,-54.31463,4.76,0.0,Acceso a Aeropuerto
-25.68945,-54.31489,4.76,0.0,Acceso a Aeropuerto
-25.68944,-54.31511,4.76,0.0,Acceso a Aeropuerto
-25.68926,-54.31612,4.76,0.0,Acceso a Aeropuerto
-25.68902,-54.31699,4.76,0.0,Acceso a Aeropuerto
-25.68891,-54.3175,4.76,0.0,Acceso a Aeropuerto
-25.68879,-54.31833,4.76,0.0,Acceso a Aeropuerto
-25.68885,-54.32006,4.76,0.0,Acceso a Aeropuerto
-25.68888,-54.32036,4.76,0.0,Acceso a Aeropuerto
-25.68893,-54.32059,4.76,0.0,Acceso a Aeropuerto
-25.68901,-54.32077,4.76,0.0,Acceso a Aeropuerto
-25.68913,-54.32098,4.76,0.0,Acceso a Aeropuerto
-25.68938,-54.3213,4.76,0.0,Acceso a Aeropuerto
-25.68971,-54.32167,4.76,0.0,Acceso a Aeropuerto
-25.69044,-54.32253,4.76,0.0,Acceso a Aeropuerto
-25.6911,-54.32333,4.76,0.0,Acceso a Aeropuerto
-25.69175,-54.32408,4.76,0.0,Acceso a Aeropuerto
-25.69294,-54.3251,4.76,0.0,Acceso a Aeropuerto
-25.69334,-54.32564,4.76,0.0,Acceso a Aeropuerto
-25.69394,-54.32651,4.76,0.0,Acceso a Aeropuerto
-25.69402,-54.32672,4.76,0.0,Acceso a Aeropuerto
-25.69439,-54.32783,4.76,0.0,Acceso a Aeropuerto
-25.69461,-54.32852,4.76,0.0,Acceso a Aeropuerto
-25.69496,-54.32972,4.76,0.0,Acceso a Aeropuerto
-25.69516,-54.33035,4.76,0.0,Acceso a Aeropuerto
-25.69524,-54.3305,4.76,0.0,Acceso a Aeropuerto
-25.69548,-54.33137,4.76,0.0,Acceso a Aeropuerto
-25.69567,-54.332,4.76,0.0,Acceso a Aeropuerto
-25.69584,-54.33244,4.76,0.0,Acceso a Aeropuerto
-25.69613,-54.3333,4.76,0.0,Acceso a Aeropuerto
-25.69682,-54.33512,4.76,0.0,Acceso a Aeropuerto
-25.69779,-54.33773,4.76,0.0,Acceso a Aeropuerto
-25.69844,-54.33956,4.76,0.0,Acceso a Aeropuerto
-25.69875,-54.3405,4.76,0.0,Acceso a Aeropuerto
-25.69943,-54.34266,4.76,0.0,Acceso a Aeropuerto
-25.69969,-54.34334,4.76,0.0,Acceso a Aeropuerto
-25.70018,-54.34473,4.76,0.0,Acceso a Aeropuerto
-25.70047,-54.34535,4.76,0.0,Acceso a Aeropuerto
-25.70067,-54.34589,4.76,0.0,Acceso a Aeropuerto
-25.70076,-54.34622,4.76,0.0,Acceso a Aeropuerto
-25.70119,-54.34739,4.76,0.0,Acceso a Aeropuerto
-25.70153,-54.34808,4.76,0.0,Acceso a Aeropuerto
-25.70184,-54.3485,4.76,0.0,Acceso a Aeropuerto
-25.70229,-54.34924,4.76,0.0,Acceso a Aeropuerto
-25.70269,-54.35009,4.76,0.0,Acceso a Aeropuerto
-25.70334,-54.35158,4.76,0.0,Acceso a Aeropuerto
-25.70369,-54.35248,4.76,0.0,Acceso a Aeropuerto
-25.7047,-54.35549,4.76,0.0,Acceso a Aeropuerto
-25.70521,-54.35712,4.76,0.0,Acceso a Aeropuerto
-25.70548,-54.35789,4.76,0.0,Acceso a Aeropuerto
-25.70604,-54.35974,4.76,0.0,Acceso a Aeropuerto
-25.70615,-54.36063,4.76,0.0,Acceso a Aeropuerto
-25.70617,-54.36114,4.76,0.0,Acceso a Aeropuerto
-25.70617,-54.36213,4.76,0.0,Acceso a Aeropuerto
-25.7061,-54.3628,4.76,0.0,Acceso a Aeropuerto
-25.70591,-54.36432,4.76,0.0,Acceso a Aeropuerto
-25.70578,-54.36513,4.76,0.0,Acceso a Aeropuerto
-25.70567,-54.36615,4.76,0.0,Acceso a Aeropuerto
-25.70554,-54.36834,4.76,0.0,Acceso a Aeropuerto
-25.70539,-54.37122,4.76,0.0,Acceso a Aeropuerto
-25.70538,-54.37172,4.76,0.0,Acceso a Aeropuerto
-25.7054,-54.37198,4.76,0.0,Acceso a Aeropuerto
-25.7055,-54.37218,4.76,0.0,Acceso a Aeropuerto
-25.71109,-54.37792,4.76,0.0,Acceso a Aeropuerto
-25.71109,-54.37792,4.76,0.0,Acceso a Aeropuerto
-25.71393,-54.38079,4.76,0.0,Acceso a Aeropuerto
-25.71538,-54.38222,4.76,0.0,Acceso a Aeropuerto
-25.71556,-54.38247,4.76,0.0,Acceso a Aeropuerto
-25.71569,-54.38279,4.76,0.0,Acceso a Aeropuerto
-25.71584,-54.38321,4.76,0.0,Acceso a Aeropuerto
-25.71594,-54.38358,4.76,0.0,Acceso a Aeropuerto
-25.7164,-54.38486,4.76,0.0,Acceso a Aeropuerto
-25.717,-54.38664,4.76,0.0,Acceso a Aeropuerto
-25.71765,-54.38859,4.76,0.0,Acceso a Aeropuerto
-25.71839,-54.39095,4.76,0.0,Acceso a Aeropuerto
-25.71957,-54.39454,4.76,0.0,Acceso a Aeropuerto
-25.72017,-54.39622,4.76,0.0,Acceso a Aeropuerto
-25.72047,-54.39718,4.76,0.0,Acceso a Aeropuerto
-25.72223,-54.40235,4.76,0.0,Acceso a Aeropuerto
-25.72241,-54.40292,4.76,0.0,Acceso a Aeropuerto
-25.7225,-54.40324,4.76,0.0,Acceso a Aeropuerto
-25.72258,-54.40367,4.76,0.0,Acceso a Aeropuerto
-25.72261,-54.40438,4.76,0.0,Acceso a Aeropuerto
-25.72269,-54.40519,4.76,0.0,Acceso a Aeropuerto
-25.72269,-54.40519,4.76,0.0,Acceso a Aeropuerto
-25.7229,-54.4069,4.76,0.0,Acceso a Aeropuerto
-25.72291,-54.4072,4.76,0.0,Acceso a Aeropuerto
-25.72304,-54.40879,4.76,0.0,Acceso a Aeropuerto
-25.72308,-54.40899,4.76,0.0,Acceso a Aeropuerto
-25.72691,-54.41579,4.76,0.0,Acceso a Aeropuerto
-25.72711,-54.41624,4.76,0.0,Acceso a Aeropuerto
-25.72717,-54.41651,4.76,0.0,Acceso a Aeropuerto
-25.72717,-54.41651,4.76,0.0,Acceso a Aeropuerto
-25.72719,-54.41675,4.76,0.0,Acceso a Aeropuerto
-25.72717,-54.41693,4.76,0.0,Acceso a Aeropuerto
-25.72712,-54.41711,4.76,0.0,Acceso a Aeropuerto
-25.72698,-54.4175,4.76,0.0,Acceso a Aeropuerto
-25.72556,-54.4209,4.76,0.0,Acceso a Aeropuerto
-25.72458,-54.42332,4.76,0.0,Acceso a Aeropuerto
-25.72437,-54.42371,4.76,0.0,Acceso a Aeropuerto
-25.72361,-54.42467,4.76,0.0,Acceso a Aeropuerto
-25.72177,-54.42676,4.76,0.0,Acceso a Aeropuerto
-25.71946,-54.42952,4.76,0.0,Acceso a Aeropuerto
-25.71776,-54.43148,4.76,0.0,Acceso a Aeropuerto
-25.71735,-54.43199,4.76,0.0,Acceso a Aeropuerto
-25.71709,-54.43238,4.76,0.0,Acceso a Aeropuerto
-25.71682,-54.43305,4.76,0.0,Acceso a Aeropuerto
-25.71505,-54.43796,4.76,0.0,Acceso a Aeropuerto
-25.71467,-54.43895,4.76,0.0,Acceso a Aeropuerto
-25.71455,-54.4394,4.76,0.0,Acceso a Aeropuerto
-25.71453,-54.43963,4.76,0.0,Acceso a Aeropuerto
-25.71453,-54.44011,4.76,0.0,Acceso a Aeropuerto
-25.71456,-54.44112,4.76,0.0,Acceso a Aeropuerto
-25.71456,-54.44112,4.76,0.0,Acceso a Aeropuerto
-25.71474,-54.44646,4.76,0.0,Acceso a Aeropuerto
-25.7148,-54.4469,4.76,0.0,Acceso a Aeropuerto
-25.71489,-54.44775,4.76,0.0,Acceso a Aeropuerto
-25.71491,-54.44811,4.76,0.0,Acceso a Aeropuerto
-25.71493,-54.44929,4.76,0.0,Acceso a Aeropuerto
-25.7149,-54.45217,4.76,0.0,Acceso a Aeropuerto
-25.71498,-54.45418,4.76,0.0,Acceso a Aeropuerto
-25.71499,-54.45467,4.76,0.0,Acceso a Aeropuerto
-25.71497,-54.45512,4.76,0.0,Acceso a Aeropuerto
-25.7148,-54.45671,4.76,0.0,Acceso a Aeropuerto
-25.71471,-54.45701,4.76,0.0,Acceso a Aeropuerto
-25.71445,-54.45752,4.76,0.0,Acceso a Aeropuerto
-25.71435,-54.45776,4.76,0.0,Acceso a Aeropuerto
-25.71422,-54.45823,4.76,0.0,Acceso a Aeropuerto
-25.71386,-54.46007,4.76,0.0,Acceso a Aeropuerto
-25.7137,-54.46118,4.76,0.0,Acceso a Aeropuerto
-25.71363,-54.46182,4.76,0.0,Acceso a Aeropuerto
-25.71351,-54.46241,4.76,0.0,Acceso a Aeropuerto
-25.71351,-54.46241,4.76,0.1,Iguazú (Oeste)
-25.71363,-54.46182,4.76,0.1,Iguazú (Oeste)
-25.7137,-54.46118,4.76,0.1,Iguazú (Oeste)
-25.71386,-54.46007,4.76,0.1,Iguazú (Oeste)
-25.71422,-54.45823,4.76,0.1,Iguazú (Oeste)
-25.71435,-54.45776,4.76,0.1,Iguazú (Oeste)
-25.71445,-54.45752,4.76,0.1,Iguazú (Oeste)
-25.71471,-54.45701,4.76,0.1,Iguazú (Oeste)
-25.7148,-54.45671,4.76,0.1,Iguazú (Oeste)
-25.71497,-54.45512,4.76,0.1,Iguazú (Oeste)
-25.71499,-54.45467,4.76,0.1,Iguazú (Oeste)
-25.71498,-54.45418,4.76,0.1,Iguazú (Oeste)
-25.7149,-54.45217,4.76,0.1,Iguazú (Oeste)
-25.71493,-54.44929,4.76,0.1,Iguazú (Oeste)
-25.71491,-54.44811,4.76,0.1,Iguazú (Oeste)
-25.71489,-54.44775,4.76,0.1,Iguazú (Oeste)
-25.7148,-54.4469,4.76,0.1,Iguazú (Oeste)
-25.71474,-54.44646,4.76,0.1,Iguazú (Oeste)
-25.71456,-54.44112,4.76,0.1,Iguazú (Oeste)
-25.71456,-54.44112,4.76,0.1,Iguazú (Oeste)
-25.71453,-54.44011,4.76,0.1,Iguazú (Oeste)
-25.71453,-54.43963,4.76,0.1,Iguazú (Oeste)
-25.71455,-54.4394,4.76,0.1,Iguazú (Oeste)
-25.71467,-54.43895,4.76,0.1,Iguazú (Oeste)
-25.71505,-54.43796,4.76,0.1,Iguazú (Oeste)
-25.71682,-54.43305,4.76,0.1,Iguazú (Oeste)
-25.71709,-54.43238,4.76,0.1,Iguazú (Oeste)
-25.71735,-54.43199,4.76,0.1,Iguazú (Oeste)
-25.71776,-54.43148,4.76,0.1,Iguazú (Oeste)
-25.71946,-54.42952,4.76,0.1,Iguazú (Oeste)
-25.72177,-54.42676,4.76,0.1,Iguazú (Oeste)
-25.72361,-54.42467,4.76,0.1,Iguazú (Oeste)
-25.72437,-54.42371,4.76,0.1,Iguazú (Oeste)
-25.72458,-54.42332,4.76,0.1,Iguazú (Oeste)
-25.72556,-54.4209,4.76,0.1,Iguazú (Oeste)
-25.72698,-54.4175,4.76,0.1,Iguazú (Oeste)
-25.72712,-54.41711,4.76,0.1,Iguazú (Oeste)
-25.72717,-54.41693,4.76,0.1,Iguazú (Oeste)
-25.72719,-54.41675,4.76,0.1,Iguazú (Oeste)
-25.72717,-54.41651,4.76,0.1,Iguazú (Oeste)
-25.72717,-54.41651,4.76,0.1,Iguazú (Oeste)
-25.72711,-54.41624,4.76,0.1,Iguazú (Oeste)
-25.72691,-54.41579,4.76,0.1,Iguazú (Oeste)
-25.72308,-54.40899,4.76,0.1,Iguazú (Oeste)
-25.72304,-54.40879,4.76,0.1,Iguazú (Oeste)
-25.72291,-54.4072,4.76,0.1,Iguazú (Oeste)
-25.7229,-54.4069,4.76,0.1,Iguazú (Oeste)
-25.72269,-54.40519,4.76,0.1,Iguazú (Oeste)
-25.72269,-54.40519,4.76,0.1,Iguazú (Oeste)
-25.72261,-54.40438,4.76,0.1,Iguazú (Oeste)
-25.72258,-54.40367,4.76,0.1,Iguazú (Oeste)
-25.7225,-54.40324,4.76,0.1,Iguazú (Oeste)
-25.72241,-54.40292,4.76,0.1,Iguazú (Oeste)
-25.72223,-54.40235,4.76,0.1,Iguazú (Oeste)
-25.72047,-54.39718,4.76,0.1,Iguazú (Oeste)
-25.72017,-54.39622,4.76,0.1,Iguazú (Oeste)
-25.71957,-54.39454,4.76,0.1,Iguazú (Oeste)
-25.71839,-54.39095,4.76,0.1,Iguazú (Oeste)
-25.71765,-54.38859,4.76,0.1,Iguazú (Oeste)
-25.717,-54.38664,4.76,0.1,Iguazú (Oeste)
-25.7164,-54.38486,4.76,0.1,Iguazú (Oeste)
-25.71594,-54.38358,4.76,0.1,Iguazú (Oeste)
-25.71584,-54.38321,4.76,0.1,Iguazú (Oeste)
-25.71569,-54.38279,4.76,0.1,Iguazú (Oeste)
-25.71556,-54.38247,4.76,0.1,Iguazú (Oeste)
-25.71538,-54.38222,4.76,0.1,Iguazú (Oeste)
-25.71393,-54.38079,4.76,0.1,Iguazú (Oeste)
-25.71109,-54.37792,4.76,0.1,Iguazú (Oeste)
-25.71109,-54.37792,4.76,0.1,Iguazú (Oeste)
-25.7055,-54.37218,4.76,0.1,Iguazú (Oeste)
-25.7054,-54.37198,4.76,0.1,Iguazú (Oeste)
-25.70538,-54.37172,4.76,0.1,Iguazú (Oeste)
-25.70539,-54.37122,4.76,0.1,Iguazú (Oeste)
-25.70554,-54.36834,4.76,0.1,Iguazú (Oeste)
-25.70567,-54.36615,4.76,0.1,Iguazú (Oeste)
-25.70578,-54.36513,4.76,0.1,Iguazú (Oeste)
-25.70591,-54.36432,4.76,0.1,Iguazú (Oeste)
-25.7061,-54.3628,4.76,0.1,Iguazú (Oeste)
-25.70617,-54.36213,4.76,0.1,Iguazú (Oeste)
-25.70617,-54.36114,4.76,0.1,Iguazú (Oeste)
-25.70615,-54.36063,4.76,0.1,Iguazú (Oeste)
-25.70604,-54.35974,4.76,0.1,Iguazú (Oeste)
-25.70548,-54.35789,4.76,0.1,Iguazú (Oeste)
-25.70521,-54.35712,4.76,0.1,Iguazú (Oeste)
-25.7047,-54.35549,4.76,0.1,Iguazú (Oeste)
-25.70369,-54.35248,4.76,0.1,Iguazú (Oeste)
-25.70334,-54.35158,4.76,0.1,Iguazú (Oeste)
-25.70269,-54.35009,4.76,0.1,Iguazú (Oeste)
-25.70229,-54.34924,4.76,0.1,Iguazú (Oeste)
-25.70184,-54.3485,4.76,0.1,Iguazú (Oeste)
-25.70153,-54.34808,4.76,0.1,Iguazú (Oeste)
-25.70119,-54.34739,4.76,0.1,Iguazú (Oeste)
-25.70076,-54.34622,4.76,0.1,Iguazú (Oeste)
-25.70067,-54.34589,4.76,0.1,Iguazú (Oeste)
-25.70047,-54.34535,4.76,0.1,Iguazú (Oeste)
-25.70018,-54.34473,4.76,0.1,Iguazú (Oeste)
-25.69969,-54.34334,4.76,0.1,Iguazú (Oeste)
-25.69943,-54.34266,4.76,0.1,Iguazú (Oeste)
-25.69875,-54.3405,4.76,0.1,Iguazú (Oeste)
-25.69844,-54.33956,4.76,0.1,Iguazú (Oeste)
-25.69779,-54.33773,4.76,0.1,Iguazú (Oeste)
-25.69682,-54.33512,4.76,0.1,Iguazú (Oeste)
-25.69613,-54.3333,4.76,0.1,Iguazú (Oeste)
-25.69584,-54.33244,4.76,0.1,Iguazú (Oeste)
-25.69567,-54.332,4.76,0.1,Iguazú (Oeste)
-25.69548,-54.33137,4.76,0.1,Iguazú (Oeste)
-25.69524,-54.3305,4.76,0.1,Iguazú (Oeste)
-25.69516,-54.33035,4.76,0.1,Iguazú (Oeste)
-25.69496,-54.32972,4.76,0.1,Iguazú (Oeste)
-25.69461,-54.32852,4.76,0.1,Iguazú (Oeste)
-25.69439,-54.32783,4.76,0.1,Iguazú (Oeste)
-25.69402,-54.32672,4.76,0.1,Iguazú (Oeste)
-25.69394,-54.32651,4.76,0.1,Iguazú (Oeste)
-25.69334,-54.32564,4.76,0.1,Iguazú (Oeste)
-25.69294,-54.3251,4.76,0.1,Iguazú (Oeste)
-25.69175,-54.32408,4.76,0.1,Iguazú (Oeste)
-25.6911,-54.32333,4.76,0.1,Iguazú (Oeste)
-25.69044,-54.32253,4.76,0.1,Iguazú (Oeste)
-25.68971,-54.32167,4.76,0.1,Iguazú (Oeste)
-25.68938,-54.3213,4.76,0.1,Iguazú (Oeste)
-25.68913,-54.32098,4.76,0.1,Iguazú (Oeste)
-25.68901,-54.32077,4.76,0.1,Iguazú (Oeste)
-25.68893,-54.32059,4.76,0.1,Iguazú (Oeste)
-25.68888,-54.32036,4.76,0.1,Iguazú (Oeste)
-25.68885,-54.32006,4.76,0.1,Iguazú (Oeste)
-25.68879,-54.31833,4.76,0.1,Iguazú (Oeste)
-25.68891,-54.3175,4.76,0.1,Iguazú (Oeste)
-25.68902,-54.31699,4.76,0.1,Iguazú (Oeste)
-25.68926,-54.31612,4.76,0.1,Iguazú (Oeste)
-25.68944,-54.31511,4.76,0.1,Iguazú (Oeste)
-25.68945,-54.31489,4.76,0.1,Iguazú (Oeste)
-25.68942,-54.31463,4.76,0.1,Iguazú (Oeste)
-25.68937,-54.31447,4.76,0.1,Iguazú (Oeste)
-25.68924,-54.31426,4.76,0.1,Iguazú (Oeste)
-25.68906,-54.31405,4.76,0.1,Iguazú (Oeste)
-25.68879,-54.31378,4.76,0.1,Iguazú (Oeste)
-25.68856,-54.31348,4.76,0.1,Iguazú (Oeste)
-25.68829,-54.31302,4.76,0.1,Iguazú (Oeste)
-25.68812,-54.31276,4.76,0.1,Iguazú (Oeste)
-25.68773,-54.31242,4.76,0.1,Iguazú (Oeste)
-25.68749,-54.31228,4.76,0.1,Iguazú (Oeste)
-25.71351,-54.46241,1.71,0.0,12
-25.71299,-54.46242,1.71,0.0,12
-25.71299,-54.46242,1.71,0.0,12
-25.71284,-54.46242,1.71,0.0,12
-25.71261,-54.46245,1.71,0.0,12
-25.71261,-54.46245,1.71,0.0,12
-25.7124,-54.46248,1.71,0.0,12
-25.7124,-54.46248,1.71,0.0,12
-25.71217,-54.46255,1.71,0.0,12
-25.71217,-54.46255,1.71,0.0,12
-25.71203,-54.46258,1.71,0.0,12
-25.71167,-54.46272,1.71,0.0,12
-25.71139,-54.46286,1.71,0.0,12
-25.71103,-54.4631,1.71,0.0,12
-25.71068,-54.4634,1.71,0.0,12
-25.70847,-54.46578,1.71,0.0,12
-25.70847,-54.46578,1.71,0.0,12
-25.70832,-54.46594,1.71,0.0,12
-25.70832,-54.46594,1.71,0.0,12
-25.70706,-54.46731,1.71,0.0,12
-25.70706,-54.46731,1.71,0.0,12
-25.70685,-54.46754,1.71,0.0,12
-25.70685,-54.46754,1.71,0.0,12
-25.70669,-54.46771,1.71,0.0,12
-25.70669,-54.46771,1.71,0.0,12
-25.70644,-54.46799,1.71,0.0,12
-25.70644,-54.46799,1.71,0.0,12
-25.70592,-54.46855,1.71,0.0,12
-25.70592,-54.46855,1.71,0.0,12
-25.70555,-54.46894,1.71,0.0,12
-25.70555,-54.46894,1.71,0.0,12
-25.7046,-54.46997,1.71,0.0,12
-25.7046,-54.46997,1.71,0.0,12
-25.70416,-54.47045,1.71,0.0,12
-25.70416,-54.47045,1.71,0.0,12
-25.70335,-54.47133,1.71,0.0,12
-25.70335,-54.47133,1.71,0.0,12
-25.70309,-54.47161,1.71,0.0,12
-25.70309,-54.47161,1.71,0.0,12
-25.70269,-54.47201,1.71,0.0,12
-25.70269,-54.47201,1.71,0.0,12
-25.70155,-54.47326,1.71,0.0,12
-25.70128,-54.47349,1.71,0.0,12
-25.70105,-54.47364,1.71,0.0,12
-25.70082,-54.47378,1.71,0.0,12
-25.70041,-54.47398,1.71,0.0,12
-25.69858,-54.47462,1.71,0.0,12
-25.69858,-54.47462,1.71,0.0,12
-25.69801,-54.47482,1.71,0.0,12
-25.69801,-54.47482,1.71,0.0,12
-25.69763,-54.47496,1.71,0.0,12
-25.69763,-54.47496,1.71,0.0,12
-25.6966,-54.47531,1.71,0.0,12
-25.6966,-54.47531,1.71,0.0,12
-25.69635,-54.47541,1.71,0.0,12
-25.69635,-54.47541,1.71,0.0,12
-25.69392,-54.47623,1.71,0.0,12
-25.69392,-54.47623,1.71,0.0,12
-25.69349,-54.47638,1.71,0.0,12
-25.69273,-54.47675,1.71,0.0,12
-25.69273,-54.47675,1.71,0.0,12
-25.69258,-54.47682,1.71,0.0,12
-25.69217,-54.47707,1.71,0.0,12
-25.69217,-54.47707,1.71,0.0,12
-25.69188,-54.47725,1.71,0.0,12
-25.69188,-54.47725,1.71,0.0,12
-25.69172,-54.47735,1.71,0.0,12
-25.69146,-54.47755,1.71,0.0,12
-25.69146,-54.47755,1.71,0.0,12
-25.69117,-54.47777,1.71,0.0,12
-25.69117,-54.47777,1.71,0.0,12
-25.69078,-54.47809,1.71,0.0,12
-25.69049,-54.4783,1.71,0.0,12
-25.69049,-54.4783,1.71,0.0,12
-25.69004,-54.47868,1.71,0.0,12
-25.69004,-54.47868,1.71,0.0,12
-25.68982,-54.47887,1.71,0.0,12
-25.68982,-54.47887,1.71,0.0,12
-25.68963,-54.47903,1.71,0.0,12
-25.68963,-54.47903,1.71,0.0,12
-25.68947,-54.47918,1.71,0.0,12
-25.68947,-54.47918,1.71,0.0,12
-25.68679,-54.4814,1.71,0.0,12
-25.68679,-54.4814,1.71,0.0,12
-25.6861,-54.48197,1.71,0.0,12
-25.6861,-54.48197,1.71,0.0,12
-25.68595,-54.4821,1.71,0.0,12
-25.68595,-54.4821,1.71,0.0,12
-25.68584,-54.48218,1.71,0.0,12
-25.68584,-54.48218,1.71,0.0,12
-25.68545,-54.48247,1.71,0.0,12
-25.68545,-54.48247,1.71,0.0,12
-25.68475,-54.48305,1.71,0.0,12
-25.68475,-54.48305,1.71,0.0,12
-25.68444,-54.48335,1.71,0.0,12
-25.68444,-54.48335,1.71,0.0,12
-25.68425,-54.4835,1.71,0.0,12
-25.68425,-54.4835,1.71,0.0,12
-25.6839,-54.48376,1.71,0.0,12
-25.6839,-54.48376,1.71,0.0,12
-25.68273,-54.48473,1.71,0.0,12
-25.68273,-54.48473,1.71,0.0,12
-25.68041,-54.48668,1.71,0.0,12
-25.68041,-54.48668,1.71,0.0,12
-25.67891,-54.48793,1.71,0.0,12
-25.67891,-54.48793,1.71,0.0,12
-25.67788,-54.48879,1.71,0.0,12
-25.67788,-54.48879,1.71,0.0,12
-25.67656,-54.48989,1.71,0.0,12
-25.67656,-54.48989,1.71,0.0,12
-25.67532,-54.49092,1.71,0.0,12
-25.67532,-54.49092,1.71,0.0,12
-25.67498,-54.4912,1.71,0.0,12
-25.67498,-54.4912,1.71,0.0,12
-25.67482,-54.49135,1.71,0.0,12
-25.67482,-54.49135,1.71,0.0,12
-25.67463,-54.49152,1.71,0.0,12
-25.67463,-54.49152,1.71,0.0,12
-25.67449,-54.49168,1.71,0.0,12
-25.67449,-54.49168,1.71,0.0,12
-25.67438,-54.49179,1.71,0.0,12
-25.67438,-54.49179,1.71,0.0,12
-25.67405,-54.49217,1.71,0.0,12
-25.67405,-54.49217,1.71,0.0,12
-25.67355,-54.49279,1.71,0.0,12
-25.67355,-54.49279,1.71,0.0,12
-25.6733,-54.49311,1.71,0.0,12
-25.6733,-54.49311,1.71,0.0,12
-25.67313,-54.49333,1.71,0.0,12
-25.67313,-54.49333,1.71,0.0,12
-25.673,-54.4935,1.71,0.0,12
-25.673,-54.4935,1.71,0.0,12
-25.67285,-54.49368,1.71,0.0,12
-25.67285,-54.49368,1.71,0.0,12
-25.67159,-54.49529,1.71,0.0,12
-25.67159,-54.49529,1.71,0.0,12
-25.6702,-54.49706,1.71,0.0,12
-25.6702,-54.49706,1.71,0.0,12
-25.67007,-54.49716,1.71,0.0,12
-25.66958,-54.49778,1.71,0.0,12
-25.66958,-54.49778,1.71,0.0,12
-25.6693,-54.49813,1.71,0.0,12
-25.6693,-54.49813,1.71,0.0,12
-25.66889,-54.49864,1.71,0.0,12
-25.66889,-54.49864,1.71,0.0,12
-25.66884,-54.49871,1.71,0.0,12
-25.66941,-54.49812,1.76,0.0,Acceso a Aeropuerto
-25.67012,-54.49722,1.76,0.0,Acceso a Aeropuerto
-25.6702,-54.49706,1.76,0.0,Acceso a Aeropuerto
-25.6702,-54.49706,1.76,0.0,Acceso a Aeropuerto
-25.67159,-54.49529,1.76,0.0,Acceso a Aeropuerto
-25.67159,-54.49529,1.76,0.0,Acceso a Aeropuerto
-25.67285,-54.49368,1.76,0.0,Acceso a Aeropuerto
-25.67285,-54.49368,1.76,0.0,Acceso a Aeropuerto
-25.673,-54.4935,1.76,0.0,Acceso a Aeropuerto
-25.673,-54.4935,1.76,0.0,Acceso a Aeropuerto
-25.67313,-54.49333,1.76,0.0,Acceso a Aeropuerto
-25.67313,-54.49333,1.76,0.0,Acceso a Aeropuerto
-25.6733,-54.49311,1.76,0.0,Acceso a Aeropuerto
-25.6733,-54.49311,1.76,0.0,Acceso a Aeropuerto
-25.67355,-54.49279,1.76,0.0,Acceso a Aeropuerto
-25.67355,-54.49279,1.76,0.0,Acceso a Aeropuerto
-25.67405,-54.49217,1.76,0.0,Acceso a Aeropuerto
-25.67405,-54.49217,1.76,0.0,Acceso a Aeropuerto
-25.67438,-54.49179,1.76,0.0,Acceso a Aeropuerto
-25.67438,-54.49179,1.76,0.0,Acceso a Aeropuerto
-25.67449,-54.49168,1.76,0.0,Acceso a Aeropuerto
-25.67449,-54.49168,1.76,0.0,Acceso a Aeropuerto
-25.67463,-54.49152,1.76,0.0,Acceso a Aeropuerto
-25.67463,-54.49152,1.76,0.0,Acceso a Aeropuerto
-25.67482,-54.49135,1.76,0.0,Acceso a Aeropuerto
-25.67482,-54.49135,1.76,0.0,Acceso a Aeropuerto
-25.67498,-54.4912,1.76,0.0,Acceso a Aeropuerto
-25.67498,-54.4912,1.76,0.0,Acceso a Aeropuerto
-25.67532,-54.49092,1.76,0.0,Acceso a Aeropuerto
-25.67532,-54.49092,1.76,0.0,Acceso a Aeropuerto
-25.67656,-54.48989,1.76,0.0,Acceso a Aeropuerto
-25.67656,-54.48989,1.76,0.0,Acceso a Aeropuerto
-25.67788,-54.48879,1.76,0.0,Acceso a Aeropuerto
-25.67788,-54.48879,1.76,0.0,Acceso a Aeropuerto
-25.67891,-54.48793,1.76,0.0,Acceso a Aeropuerto
-25.67891,-54.48793,1.76,0.0,Acceso a Aeropuerto
-25.68041,-54.48668,1.76,0.0,Acceso a Aeropuerto
-25.68041,-54.48668,1.76,0.0,Acceso a Aeropuerto
-25.68273,-54.48473,1.76,0.0,Acceso a Aeropuerto
-25.68273,-54.48473,1.76,0.0,Acceso a Aeropuerto
-25.6839,-54.48376,1.76,0.0,Acceso a Aeropuerto
-25.6839,-54.48376,1.76,0.0,Acceso a Aeropuerto
-25.68425,-54.4835,1.76,0.0,Acceso a Aeropuerto
-25.68425,-54.4835,1.76,0.0,Acceso a Aeropuerto
-25.68444,-54.48335,1.76,0.0,Acceso a Aeropuerto
-25.68444,-54.48335,1.76,0.0,Acceso a Aeropuerto
-25.68475,-54.48305,1.76,0.0,Acceso a Aeropuerto
-25.68475,-54.48305,1.76,0.0,Acceso a Aeropuerto
-25.68545,-54.48247,1.76,0.0,Acceso a Aeropuerto
-25.68545,-54.48247,1.76,0.0,Acceso a Aeropuerto
-25.68584,-54.48218,1.76,0.0,Acceso a Aeropuerto
-25.68584,-54.48218,1.76,0.0,Acceso a Aeropuerto
-25.68595,-54.4821,1.76,0.0,Acceso a Aeropuerto
-25.68595,-54.4821,1.76,0.0,Acceso a Aeropuerto
-25.6861,-54.48197,1.76,0.0,Acceso a Aeropuerto
-25.6861,-54.48197,1.76,0.0,Acceso a Aeropuerto
-25.68679,-54.4814,1.76,0.0,Acceso a Aeropuerto
-25.68679,-54.4814,1.76,0.0,Acceso a Aeropuerto
-25.68947,-54.47918,1.76,0.0,Acceso a Aeropuerto
-25.68947,-54.47918,1.76,0.0,Acceso a Aeropuerto
-25.68963,-54.47903,1.76,0.0,Acceso a Aeropuerto
-25.68963,-54.47903,1.76,0.0,Acceso a Aeropuerto
-25.68982,-54.47887,1.76,0.0,Acceso a Aeropuerto
-25.68982,-54.47887,1.76,0.0,Acceso a Aeropuerto
-25.69004,-54.47868,1.76,0.0,Acceso a Aeropuerto
-25.69004,-54.47868,1.76,0.0,Acceso a Aeropuerto
-25.69049,-54.4783,1.76,0.0,Acceso a Aeropuerto
-25.69049,-54.4783,1.76,0.0,Acceso a Aeropuerto
-25.69078,-54.47809,1.76,0.0,Acceso a Aeropuerto
-25.69117,-54.47777,1.76,0.0,Acceso a Aeropuerto
-25.69117,-54.47777,1.76,0.0,Acceso a Aeropuerto
-25.69146,-54.47755,1.76,0.0,Acceso a Aeropuerto
-25.69146,-54.47755,1.76,0.0,Acceso a Aeropuerto
-25.69172,-54.47735,1.76,0.0,Acceso a Aeropuerto
-25.69188,-54.47725,1.76,0.0,Acceso a Aeropuerto
-25.69188,-54.47725,1.76,0.0,Acceso a Aeropuerto
-25.69217,-54.47707,1.76,0.0,Acceso a Aeropuerto
-25.69217,-54.47707,1.76,0.0,Acceso a Aeropuerto
-25.69258,-54.47682,1.76,0.0,Acceso a Aeropuerto
-25.69273,-54.47675,1.76,0.0,Acceso a Aeropuerto
-25.69273,-54.47675,1.76,0.0,Acceso a Aeropuerto
-25.69349,-54.47638,1.76,0.0,Acceso a Aeropuerto
-25.69392,-54.47623,1.76,0.0,Acceso a Aeropuerto
-25.69392,-54.47623,1.76,0.0,Acceso a Aeropuerto
-25.69635,-54.47541,1.76,0.0,Acceso a Aeropuerto
-25.69635,-54.47541,1.76,0.0,Acceso a Aeropuerto
-25.6966,-54.47531,1.76,0.0,Acceso a Aeropuerto
-25.6966,-54.47531,1.76,0.0,Acceso a Aeropuerto
-25.69763,-54.47496,1.76,0.0,Acceso a Aeropuerto
-25.69763,-54.47496,1.76,0.0,Acceso a Aeropuerto
-25.69801,-54.47482,1.76,0.0,Acceso a Aeropuerto
-25.69801,-54.47482,1.76,0.0,Acceso a Aeropuerto
-25.69858,-54.47462,1.76,0.0,Acceso a Aeropuerto
-25.69858,-54.47462,1.76,0.0,Acceso a Aeropuerto
-25.70041,-54.47398,1.76,0.0,Acceso a Aeropuerto
-25.70082,-54.47378,1.76,0.0,Acceso a Aeropuerto
-25.70105,-54.47364,1.76,0.0,Acceso a Aeropuerto
-25.70128,-54.47349,1.76,0.0,Acceso a Aeropuerto
-25.70155,-54.47326,1.76,0.0,Acceso a Aeropuerto
-25.70269,-54.47201,1.76,0.0,Acceso a Aeropuerto
-25.70269,-54.47201,1.76,0.0,Acceso a Aeropuerto
-25.70309,-54.47161,1.76,0.0,Acceso a Aeropuerto
-25.70309,-54.47161,1.76,0.0,Acceso a Aeropuerto
-25.70335,-54.47133,1.76,0.0,Acceso a Aeropuerto
-25.70335,-54.47133,1.76,0.0,Acceso a Aeropuerto
-25.70416,-54.47045,1.76,0.0,Acceso a Aeropuerto
-25.70416,-54.47045,1.76,0.0,Acceso a Aeropuerto
-25.7046,-54.46997,1.76,0.0,Acceso a Aeropuerto
-25.7046,-54.46997,1.76,0.0,Acceso a Aeropuerto
-25.70555,-54.46894,1.76,0.0,Acceso a Aeropuerto
-25.70555,-54.46894,1.76,0.0,Acceso a Aeropuerto
-25.70592,-54.46855,1.76,0.0,Acceso a Aeropuerto
-25.70592,-54.46855,1.76,0.0,Acceso a Aeropuerto
-25.70644,-54.46799,1.76,0.0,Acceso a Aeropuerto
-25.70644,-54.46799,1.76,0.0,Acceso a Aeropuerto
-25.70669,-54.46771,1.76,0.0,Acceso a Aeropuerto
-25.70669,-54.46771,1.76,0.0,Acceso a Aeropuerto
-25.70685,-54.46754,1.76,0.0,Acceso a Aeropuerto
-25.70685,-54.46754,1.76,0.0,Acceso a Aeropuerto
-25.70706,-54.46731,1.76,0.0,Acceso a Aeropuerto
-25.70706,-54.46731,1.76,0.0,Acceso a Aeropuerto
-25.70832,-54.46594,1.76,0.0,Acceso a Aeropuerto
-25.70832,-54.46594,1.76,0.0,Acceso a Aeropuerto
-25.70847,-54.46578,1.76,0.0,Acceso a Aeropuerto
-25.70847,-54.46578,1.76,0.0,Acceso a Aeropuerto
-25.71068,-54.4634,1.76,0.0,Acceso a Aeropuerto
-25.71103,-54.4631,1.76,0.0,Acceso a Aeropuerto
-25.71139,-54.46286,1.76,0.0,Acceso a Aeropuerto
-25.71167,-54.46272,1.76,0.0,Acceso a Aeropuerto
-25.71203,-54.46258,1.76,0.0,Acceso a Aeropuerto
-25.71217,-54.46255,1.76,0.0,Acceso a Aeropuerto
-25.71217,-54.46255,1.76,0.0,Acceso a Aeropuerto
-25.7124,-54.46248,1.76,0.0,Acceso a Aeropuerto
-25.7124,-54.46248,1.76,0.0,Acceso a Aeropuerto
-25.71261,-54.46245,1.76,0.0,Acceso a Aeropuerto
-25.71261,-54.46245,1.76,0.0,Acceso a Aeropuerto
-25.71284,-54.46242,1.76,0.0,Acceso a Aeropuerto
-25.71299,-54.46242,1.76,0.0,Acceso a Aeropuerto
-25.71299,-54.46242,1.76,0.0,Acceso a Aeropuerto
-25.71351,-54.46241,1.76,0.0,Acceso a Aeropuerto
-25.66844,-54.49936,1.09,0.0,12
-25.66891,-54.49876,1.09,0.0,12
-25.66891,-54.49876,1.09,0.0,12
-25.66896,-54.4987,1.09,0.0,12
-25.66896,-54.4987,1.09,0.0,12
-25.66941,-54.49812,1.09,0.0,12
-25.81603,-54.53817,2.65,0.6,101
-25.81341,-54.53855,2.65,0.6,101
-25.81341,-54.53855,2.65,0.6,101
-25.81088,-54.53891,2.65,0.6,101
-25.81088,-54.53891,2.65,0.6,101
-25.80972,-54.53907,2.65,0.6,101
-25.80972,-54.53907,2.65,0.6,101
-25.80929,-54.53912,2.65,0.6,101
-25.80871,-54.53916,2.65,0.6,101
-25.80798,-54.53916,2.65,0.6,101
-25.80777,-54.53915,2.65,0.6,101
-25.80736,-54.53911,2.65,0.6,101
-25.80557,-54.53885,2.65,0.6,101
-25.80557,-54.53885,2.65,0.6,101
-25.80439,-54.53867,2.65,0.6,101
-25.80439,-54.53867,2.65,0.6,101
-25.80167,-54.53826,2.65,0.6,101
-25.80167,-54.53826,2.65,0.6,101
-25.80112,-54.53818,2.65,0.6,101
-25.80112,-54.53818,2.65,0.6,101
-25.80016,-54.53804,2.65,0.6,101
-25.80016,-54.53804,2.65,0.6,101
-25.79971,-54.53797,2.65,0.6,101
-25.79971,-54.53797,2.65,0.6,101
-25.79876,-54.53782,2.65,0.6,101
-25.79876,-54.53782,2.65,0.6,101
-25.79837,-54.53776,2.65,0.6,101
-25.79837,-54.53776,2.65,0.6,101
-25.79767,-54.53766,2.65,0.6,101
-25.79767,-54.53766,2.65,0.6,101
-25.79674,-54.53752,2.65,0.6,101
-25.79674,-54.53752,2.65,0.6,101
-25.79627,-54.53745,2.65,0.6,101
-25.79627,-54.53745,2.65,0.6,101
-25.7958,-54.53738,2.65,0.6,101
-25.7958,-54.53738,2.65,0.6,101
-25.79509,-54.53727,2.65,0.6,101
-25.79509,-54.53727,2.65,0.6,101
-25.79482,-54.53723,2.65,0.6,101
-25.79482,-54.53723,2.65,0.6,101
-25.79331,-54.537,2.65,0.6,101
-25.79331,-54.537,2.65,0.6,101
-25.79279,-54.53692,2.65,0.6,101
-25.79279,-54.53692,2.65,0.6,101
-25.79213,-54.53682,2.65,0.6,101
-25.79213,-54.53682,2.65,0.6,101
-25.79006,-54.53651,2.65,0.6,101
-25.79006,-54.53651,2.65,0.6,101
-25.78879,-54.53633,2.65,0.6,101
-25.78879,-54.53633,2.65,0.6,101
-25.78816,-54.53625,2.65,0.6,101
-25.78767,-54.53621,2.65,0.6,101
-25.78696,-54.5362,2.65,0.6,101
-25.78673,-54.53621,2.65,0.6,101
-25.78534,-54.53634,2.65,0.6,101
-25.78534,-54.53634,2.65,0.6,101
-25.78452,-54.53642,2.65,0.6,101
-25.78452,-54.53642,2.65,0.6,101
-25.78269,-54.5366,2.65,0.6,101
-25.78269,-54.5366,2.65,0.6,101
-25.7819,-54.53668,2.65,0.6,101
-25.7819,-54.53668,2.65,0.6,101
-25.78014,-54.53687,2.65,0.6,101
-25.77661,-54.53722,2.65,0.6,101
-25.77661,-54.53722,2.65,0.6,101
-25.77558,-54.53733,2.65,0.6,101
-25.77558,-54.53733,2.65,0.6,101
-25.77359,-54.53753,2.65,0.6,101
-25.77359,-54.53753,2.65,0.6,101
-25.76855,-54.53804,2.65,0.6,101
-25.76855,-54.53804,2.65,0.6,101
-25.76688,-54.53821,2.65,0.6,101
-25.76688,-54.53821,2.65,0.6,101
-25.76577,-54.53832,2.65,0.6,101
-25.76577,-54.53832,2.65,0.6,101
-25.7634,-54.53855,2.65,0.6,101
-25.7634,-54.53855,2.65,0.6,101
-25.76279,-54.53861,2.65,0.6,101
-25.76279,-54.53861,2.65,0.6,101
-25.76208,-54.53868,2.65,0.6,101
-25.76208,-54.53868,2.65,0.6,101
-25.75831,-54.53907,2.65,0.6,101
-25.75831,-54.53907,2.65,0.6,101
-25.75655,-54.53925,2.65,0.6,101
-25.75655,-54.53925,2.65,0.6,101
-25.75295,-54.53961,2.65,0.6,101
-25.75295,-54.53961,2.65,0.6,101
-25.752,-54.53971,2.65,0.6,101
-25.752,-54.53971,2.65,0.6,101
-25.75118,-54.53979,2.65,0.6,101
-25.75118,-54.53979,2.65,0.6,101
-25.7503,-54.53987,2.65,0.6,101
-25.74978,-54.5399,2.65,0.6,101
-25.74978,-54.5399,2.65,0.6,101
-25.74928,-54.53991,2.65,0.6,101
-25.74885,-54.53988,2.65,0.6,101
-25.74863,-54.53985,2.65,0.6,101
-25.74819,-54.53977,2.65,0.6,101
-25.74798,-54.53972,2.65,0.6,101
-25.74734,-54.53952,2.65,0.6,101
-25.74734,-54.53952,2.65,0.6,101
-25.74692,-54.53936,2.65,0.6,101
-25.74636,-54.53909,2.65,0.6,101
-25.74598,-54.53887,2.65,0.6,101
-25.74541,-54.53849,2.65,0.6,101
-25.74541,-54.53849,2.65,0.6,101
-25.74461,-54.53794,2.65,0.6,101
-25.74461,-54.53794,2.65,0.6,101
-25.74424,-54.53768,2.65,0.6,101
-25.74424,-54.53768,2.65,0.6,101
-25.74329,-54.53701,2.65,0.6,101
-25.74329,-54.53701,2.65,0.6,101
-25.74223,-54.53627,2.65,0.6,101
-25.74223,-54.53627,2.65,0.6,101
-25.74165,-54.53588,2.65,0.6,101
-25.74165,-54.53588,2.65,0.6,101
-25.7411,-54.53556,2.65,0.6,101
-25.74091,-54.53546,2.65,0.6,101
-25.74053,-54.53529,2.65,0.6,101
-25.73993,-54.53507,2.65,0.6,101
-25.73913,-54.53485,2.65,0.6,101
-25.73913,-54.53485,2.65,0.6,101
-25.73875,-54.53475,2.65,0.6,101
-25.73875,-54.53475,2.65,0.6,101
-25.73841,-54.53466,2.65,0.6,101
-25.73841,-54.53466,2.65,0.6,101
-25.73757,-54.53443,2.65,0.6,101
-25.73757,-54.53443,2.65,0.6,101
-25.73617,-54.53407,2.65,0.6,101
-25.73617,-54.53407,2.65,0.6,101
-25.73587,-54.53399,2.65,0.6,101
-25.73587,-54.53399,2.65,0.6,101
-25.7356,-54.53392,2.65,0.6,101
-25.7356,-54.53392,2.65,0.6,101
-25.73499,-54.53376,2.65,0.6,101
-25.73499,-54.53376,2.65,0.6,101
-25.7346,-54.53366,2.65,0.6,101
-25.7346,-54.53366,2.65,0.6,101
-25.73289,-54.53321,2.65,0.6,101
-25.73289,-54.53321,2.65,0.6,101
-25.73217,-54.533,2.65,0.6,101
-25.73193,-54.53292,2.65,0.6,101
-25.73157,-54.53277,2.65,0.6,101
-25.73122,-54.53259,2.65,0.6,101
-25.73102,-54.53247,2.65,0.6,101
-25.73062,-54.5322,2.65,0.6,101
-25.73048,-54.53209,2.65,0.6,101
-25.73048,-54.53209,2.65,0.6,101
-25.73033,-54.53197,2.65,0.6,101
-25.72949,-54.53123,2.65,0.6,101
-25.72949,-54.53123,2.65,0.6,101
-25.72891,-54.5307,2.65,0.6,101
-25.72891,-54.5307,2.65,0.6,101
-25.72856,-54.53038,2.65,0.6,101
-25.72856,-54.53038,2.65,0.6,101
-25.72807,-54.52994,2.65,0.6,101
-25.72807,-54.52994,2.65,0.6,101
-25.72688,-54.52887,2.65,0.6,101
-25.72688,-54.52887,2.65,0.6,101
-25.72601,-54.52808,2.65,0.6,101
-25.72601,-54.52808,2.65,0.6,101
-25.72505,-54.52722,2.65,0.6,101
-25.72505,-54.52722,2.65,0.6,101
-25.72347,-54.52579,2.65,0.6,101
-25.72347,-54.52579,2.65,0.6,101
-25.72176,-54.52423,2.65,0.6,101
-25.72176,-54.52423,2.65,0.6,101
-25.72073,-54.52329,2.65,0.6,101
-25.72073,-54.52329,2.65,0.6,101
-25.72002,-54.52265,2.65,0.6,101
-25.72002,-54.52265,2.65,0.6,101
-25.71923,-54.52194,2.65,0.6,101
-25.71923,-54.52194,2.65,0.6,101
-25.7187,-54.52147,2.65,0.6,101
-25.7187,-54.52147,2.65,0.6,101
-25.7182,-54.52103,2.65,0.6,101
-25.7182,-54.52103,2.65,0.6,101
-25.7178,-54.52072,2.65,0.6,101
-25.71761,-54.52059,2.65,0.6,101
-25.717,-54.52025,2.65,0.6,101
-25.71665,-54.52009,2.65,0.6,101
-25.71539,-54.51957,2.65,0.6,101
-25.71539,-54.51957,2.65,0.6,101
-25.71459,-54.51924,2.65,0.6,101
-25.71459,-54.51924,2.65,0.6,101
-25.7138,-54.51892,2.65,0.6,101
-25.7138,-54.51892,2.65,0.6,101
-25.71213,-54.51824,2.65,0.6,101
-25.71213,-54.51824,2.65,0.6,101
-25.70703,-54.51616,2.65,0.6,101
-25.70703,-54.51616,2.65,0.6,101
-25.70621,-54.51582,2.65,0.6,101
-25.70621,-54.51582,2.65,0.6,101
-25.70594,-54.51571,2.65,0.6,101
-25.70594,-54.51571,2.65,0.6,101
-25.70468,-54.5152,2.65,0.6,101
-25.70433,-54.51509,2.65,0.6,101
-25.70392,-54.51499,2.65,0.6,101
-25.70392,-54.51499,2.65,0.6,101
-25.70329,-54.5149,2.65,0.6,101
-25.70281,-54.51487,2.65,0.6,101
-25.70053,-54.51485,2.65,0.6,101
-25.70053,-54.51485,2.65,0.6,101
-25.69956,-54.51485,2.65,0.6,101
-25.69956,-54.51485,2.65,0.6,101
-25.69919,-54.51485,2.65,0.6,101
-25.69919,-54.51485,2.65,0.6,101
-25.69686,-54.51483,2.65,0.6,101
-25.69686,-54.51483,2.65,0.6,101
-25.69639,-54.51483,2.65,0.6,101
-25.69639,-54.51483,2.65,0.6,101
-25.69463,-54.51481,2.65,0.6,101
-25.69463,-54.51481,2.65,0.6,101
-25.69196,-54.51477,2.65,0.6,101
-25.69152,-54.51472,2.65,0.6,101
-25.69107,-54.51463,2.65,0.6,101
-25.69081,-54.51456,2.65,0.6,101
-25.69034,-54.51439,2.65,0.6,101
-25.68987,-54.51416,2.65,0.6,101
-25.68943,-54.5139,2.65,0.6,101
-25.68785,-54.51289,2.65,0.6,101
-25.68785,-54.51289,2.65,0.6,101
-25.68743,-54.51262,2.65,0.6,101
-25.68743,-54.51262,2.65,0.6,101
-25.68624,-54.51186,2.65,0.6,101
-25.68624,-54.51186,2.65,0.6,101
-25.68301,-54.5098,2.65,0.6,101
-25.68301,-54.5098,2.65,0.6,101
-25.68205,-54.50919,2.65,0.6,101
-25.68205,-54.50919,2.65,0.6,101
-25.68117,-54.50863,2.65,0.6,101
-25.68117,-54.50863,2.65,0.6,101
-25.68089,-54.50845,2.65,0.6,101
-25.68089,-54.50845,2.65,0.6,101
-25.68064,-54.50829,2.65,0.6,101
-25.68064,-54.50829,2.65,0.6,101
-25.68047,-54.50818,2.65,0.6,101
-25.68047,-54.50818,2.65,0.6,101
-25.67998,-54.50787,2.65,0.6,101
-25.67998,-54.50787,2.65,0.6,101
-25.6792,-54.50738,2.65,0.6,101
-25.6792,-54.50738,2.65,0.6,101
-25.67854,-54.50693,2.65,0.6,101
-25.67798,-54.50651,2.65,0.6,101
-25.67798,-54.50651,2.65,0.6,101
-25.6769,-54.50559,2.65,0.6,101
-25.6769,-54.50559,2.65,0.6,101
-25.67605,-54.50486,2.65,0.6,101
-25.67605,-54.50486,2.65,0.6,101
-25.67563,-54.50449,2.65,0.6,101
-25.67563,-54.50449,2.65,0.6,101
-25.67472,-54.5037,2.65,0.6,101
-25.67472,-54.5037,2.65,0.6,101
-25.67039,-54.49996,2.65,0.6,101
-25.67039,-54.49996,2.65,0.6,101
-25.67005,-54.49967,2.65,0.6,101
-25.67005,-54.49967,2.65,0.6,101
-25.66989,-54.49949,2.65,0.6,101
-25.66958,-54.49922,2.65,0.6,101
-25.66958,-54.49922,2.65,0.6,101
-25.66896,-54.4987,2.65,0.6,101
-25.66896,-54.4987,2.65,0.6,101
-25.66889,-54.49864,2.65,0.6,101
-25.66889,-54.49864,2.65,0.6,101
-25.66884,-54.49871,2.65,0.6,101
-25.50948,-54.60008,4.22,4.3,Paraguay/Brasil
-25.5095,-54.59924,4.22,4.3,Paraguay/Brasil
-25.5095,-54.59924,4.22,4.3,Paraguay/Brasil
-25.5095,-54.59839,4.22,4.3,Paraguay/Brasil
-25.50906,-54.59326,1.04,0.0,Rua Machado De Assis
-25.50888,-54.59299,1.04,0.0,Rua Machado De Assis
-25.50862,-54.59267,1.04,0.0,Rua Machado De Assis
-25.50854,-54.59259,1.04,0.0,Rua Machado De Assis
-25.50854,-54.59259,1.04,0.0,Rua Machado De Assis
-25.5083,-54.59237,1.04,0.0,Rua Machado De Assis
-25.5083,-54.59237,1.04,0.0,Rua Machado De Assis
-25.50763,-54.59181,1.04,0.0,Rua Machado De Assis
-25.50763,-54.59181,1.04,0.0,Rua Machado De Assis
-25.50722,-54.59148,1.04,0.0,Rua Machado De Assis
-25.50722,-54.59148,1.04,0.0,Rua Machado De Assis
-25.5069,-54.59118,1.04,0.0,Rua Machado De Assis
-25.5068,-54.59107,1.04,0.0,Rua Machado De Assis
-25.50663,-54.59085,1.04,0.0,Rua Machado De Assis
-25.50663,-54.59085,0.7,0.0,Avenida Juscelino Kubitschek/Avenida Tancredo Neves
-25.5064,-54.59048,0.7,0.0,Avenida Juscelino Kubitschek/Avenida Tancredo Neves
-25.50624,-54.59013,0.7,0.0,Avenida Juscelino Kubitschek/Avenida Tancredo Neves
-25.50624,-54.59013,0.7,0.0,Avenida Juscelino Kubitschek/Avenida Tancredo Neves
-25.50616,-54.5899,0.7,0.0,Avenida Juscelino Kubitschek/Avenida Tancredo Neves
-25.50616,-54.5899,0.7,0.0,Avenida Juscelino Kubitschek/Avenida Tancredo Neves
-25.50606,-54.58949,0.7,0.0,Avenida Juscelino Kubitschek/Avenida Tancredo Neves
-25.50606,-54.58949,0.7,0.0,Avenida Juscelino Kubitschek/Avenida Tancredo Neves
-25.50601,-54.589,0.7,0.0,Avenida Juscelino Kubitschek/Avenida Tancredo Neves
-25.50601,-54.589,0.7,0.0,Avenida Juscelino Kubitschek/Avenida Tancredo Neves
-25.50602,-54.58869,0.7,0.0,Avenida Juscelino Kubitschek/Avenida Tancredo Neves
-25.50602,-54.58869,0.7,0.0,Avenida Juscelino Kubitschek/Avenida Tancredo Neves
-25.50603,-54.58854,0.7,0.0,Avenida Juscelino Kubitschek/Avenida Tancredo Neves
-25.50603,-54.58854,0.7,0.0,Avenida Juscelino Kubitschek/Avenida Tancredo Neves
-25.50605,-54.58839,0.7,0.0,Avenida Juscelino Kubitschek/Avenida Tancredo Neves
-25.5095,-54.59839,0.87,1.2,Rua Santo Rafagnin
-25.5095,-54.59802,0.87,1.2,Rua Santo Rafagnin
-25.5095,-54.59802,0.87,1.2,Rua Santo Rafagnin
-25.5095,-54.59713,0.87,1.2,Rua Santo Rafagnin
-25.5095,-54.59713,0.87,1.2,Rua Santo Rafagnin
-25.50951,-54.59588,0.87,1.2,Rua Santo Rafagnin
-25.50951,-54.59588,0.87,1.2,Rua Santo Rafagnin
-25.50951,-54.59577,0.87,1.2,Rua Santo Rafagnin
-25.50951,-54.59577,0.87,1.2,Rua Santo Rafagnin
-25.50951,-54.59567,0.87,1.2,Rua Santo Rafagnin
-25.50951,-54.59567,0.87,1.2,Rua Santo Rafagnin
-25.50952,-54.5955,0.87,1.2,Rua Santo Rafagnin
-25.50952,-54.5955,0.87,1.2,Rua Santo Rafagnin
-25.50952,-54.59537,0.87,1.2,Rua Santo Rafagnin
-25.50952,-54.59537,0.87,1.2,Rua Santo Rafagnin
-25.50952,-54.59519,0.87,1.2,Rua Santo Rafagnin
-25.50952,-54.59519,0.87,1.2,Rua Santo Rafagnin
-25.50952,-54.59487,0.87,1.2,Rua Santo Rafagnin
-25.50952,-54.59487,0.87,1.2,Rua Santo Rafagnin
-25.50949,-54.59449,0.87,1.2,Rua Santo Rafagnin
-25.50943,-54.59418,0.87,1.2,Rua Santo Rafagnin
-25.50929,-54.59375,0.87,1.2,Rua Santo Rafagnin
-25.50921,-54.59355,0.87,1.2,Rua Santo Rafagnin
-25.50906,-54.59326,0.87,1.2,Rua Santo Rafagnin
-25.50952,-54.59487,0.95,2.9,Paraguay/Brasil
-25.50952,-54.59519,0.95,2.9,Paraguay/Brasil
-25.50952,-54.59519,0.95,2.9,Paraguay/Brasil
-25.50952,-54.59537,0.95,2.9,Paraguay/Brasil
-25.50952,-54.59537,0.95,2.9,Paraguay/Brasil
-25.50952,-54.5955,0.95,2.9,Paraguay/Brasil
-25.50952,-54.5955,0.95,2.9,Paraguay/Brasil
-25.50951,-54.59567,0.95,2.9,Paraguay/Brasil
-25.50951,-54.59567,0.95,2.9,Paraguay/Brasil
-25.50951,-54.59577,0.95,2.9,Paraguay/Brasil
-25.50951,-54.59577,0.95,2.9,Paraguay/Brasil
-25.50951,-54.59588,0.95,2.9,Paraguay/Brasil
-25.50951,-54.59588,0.95,2.9,Paraguay/Brasil
-25.5095,-54.59713,0.95,2.9,Paraguay/Brasil
-25.5095,-54.59713,0.95,2.9,Paraguay/Brasil
-25.5095,-54.59802,0.95,2.9,Paraguay/Brasil
-25.5095,-54.59802,0.95,2.9,Paraguay/Brasil
-25.5095,-54.59839,0.95,2.9,Paraguay/Brasil
-25.5095,-54.59839,0.95,2.9,Paraguay/Brasil
-25.5095,-54.59924,0.95,2.9,Paraguay/Brasil
-25.5095,-54.59924,0.95,2.9,Paraguay/Brasil
-25.50948,-54.60008,0.95,2.9,Paraguay/Brasil
-25.50663,-54.59085,1.07,2.9,Rua Santo Rafagnin
-25.5068,-54.59107,1.07,2.9,Rua Santo Rafagnin
-25.5069,-54.59118,1.07,2.9,Rua Santo Rafagnin
-25.50722,-54.59148,1.07,2.9,Rua Santo Rafagnin
-25.50722,-54.59148,1.07,2.9,Rua Santo Rafagnin
-25.50763,-54.59181,1.07,2.9,Rua Santo Rafagnin
-25.50763,-54.59181,1.07,2.9,Rua Santo Rafagnin
-25.5083,-54.59237,1.07,2.9,Rua Santo Rafagnin
-25.5083,-54.59237,1.07,2.9,Rua Santo Rafagnin
-25.50854,-54.59259,1.07,2.9,Rua Santo Rafagnin
-25.50854,-54.59259,1.07,2.9,Rua Santo Rafagnin
-25.50862,-54.59267,1.07,2.9,Rua Santo Rafagnin
-25.50888,-54.59299,1.07,2.9,Rua Santo Rafagnin
-25.50906,-54.59326,1.07,2.9,Rua Santo Rafagnin
-25.50906,-54.59326,1.07,2.9,Rua Santo Rafagnin
-25.50921,-54.59355,1.07,2.9,Rua Santo Rafagnin
-25.50929,-54.59375,1.07,2.9,Rua Santo Rafagnin
-25.50943,-54.59418,1.07,2.9,Rua Santo Rafagnin
-25.50949,-54.59449,1.07,2.9,Rua Santo Rafagnin
-25.50952,-54.59487,1.07,2.9,Rua Santo Rafagnin
-25.50603,-54.58854,0.76,2.9,Rua Machado De Assis
-25.50602,-54.58869,0.76,2.9,Rua Machado De Assis
-25.50602,-54.58869,0.76,2.9,Rua Machado De Assis
-25.50601,-54.589,0.76,2.9,Rua Machado De Assis
-25.50601,-54.589,0.76,2.9,Rua Machado De Assis
-25.50606,-54.58949,0.76,2.9,Rua Machado De Assis
-25.50606,-54.58949,0.76,2.9,Rua Machado De Assis
-25.50616,-54.5899,0.76,2.9,Rua Machado De Assis
-25.50616,-54.5899,0.76,2.9,Rua Machado De Assis
-25.50624,-54.59013,0.76,2.9,Rua Machado De Assis
-25.50624,-54.59013,0.76,2.9,Rua Machado De Assis
-25.5064,-54.59048,0.76,2.9,Rua Machado De Assis
-25.50663,-54.59085,0.76,2.9,Rua Machado De Assis
-25.51959,-54.58539,1.13,3.1,Avenida José Maria de Brito
-25.51862,-54.58531,1.13,3.1,Avenida José Maria de Brito
-25.51862,-54.58531,1.13,3.1,Avenida José Maria de Brito
-25.51849,-54.5853,1.13,3.1,Avenida José Maria de Brito
-25.51849,-54.5853,1.13,3.1,Avenida José Maria de Brito
-25.51845,-54.5853,1.13,3.1,Avenida José Maria de Brito
-25.51845,-54.5853,1.13,3.1,Avenida José Maria de Brito
-25.51804,-54.58528,1.13,3.1,Avenida José Maria de Brito
-25.51804,-54.58528,1.13,3.1,Avenida José Maria de Brito
-25.51769,-54.58524,1.13,3.1,Avenida José Maria de Brito
-25.51769,-54.58524,1.13,3.1,Avenida José Maria de Brito
-25.51653,-54.58515,1.13,3.1,Avenida José Maria de Brito
-25.51953,-54.58562,0.91,1.9,Avenida República Argentina
-25.51986,-54.58565,0.91,1.9,Avenida República Argentina
-25.51986,-54.58565,0.91,1.9,Avenida República Argentina
-25.52012,-54.58567,0.91,1.9,Avenida República Argentina
-25.52012,-54.58567,0.91,1.9,Avenida República Argentina
-25.52046,-54.5857,0.91,1.9,Avenida República Argentina
-25.52046,-54.5857,0.91,1.9,Avenida República Argentina
-25.52144,-54.58579,0.91,1.9,Avenida República Argentina
-25.52144,-54.58579,0.91,1.9,Avenida República Argentina
-25.52231,-54.58586,0.91,1.9,Avenida República Argentina
-25.52231,-54.58586,0.91,1.9,Avenida República Argentina
-25.5235,-54.58595,0.91,1.9,Avenida República Argentina
-25.5235,-54.58595,0.91,1.9,Avenida República Argentina
-25.52362,-54.58596,0.91,1.9,Avenida República Argentina
-25.52362,-54.58596,0.91,1.9,Avenida República Argentina
-25.52374,-54.58597,0.91,1.9,Avenida República Argentina
-25.52374,-54.58597,0.91,1.9,Avenida República Argentina
-25.52388,-54.58598,0.91,1.9,Avenida República Argentina
-25.52388,-54.58598,0.91,1.9,Avenida República Argentina
-25.52405,-54.586,0.91,1.9,Avenida República Argentina
-25.52405,-54.586,0.91,1.9,Avenida República Argentina
-25.52421,-54.58601,0.91,1.9,Avenida República Argentina
-25.52431,-54.58603,0.91,1.9,Avenida República Argentina
-25.52441,-54.58606,0.91,1.9,Avenida República Argentina
-25.52457,-54.58614,0.91,1.9,Avenida República Argentina
-25.52471,-54.58625,0.91,1.9,Avenida República Argentina
-25.525,-54.58656,0.91,1.9,Avenida República Argentina
-25.5252,-54.58675,0.91,1.9,Avenida República Argentina
-25.52549,-54.58695,0.91,1.9,Avenida República Argentina
-25.5257,-54.58704,0.91,1.9,Avenida República Argentina
-25.52594,-54.58711,0.91,1.9,Avenida República Argentina
-25.52619,-54.58714,0.91,1.9,Avenida República Argentina
-25.52631,-54.58714,0.91,1.9,Avenida República Argentina
-25.52653,-54.58711,0.91,1.9,Avenida República Argentina
-25.52666,-54.58708,0.91,1.9,Avenida República Argentina
-25.52686,-54.58701,0.91,1.9,Avenida República Argentina
-25.52686,-54.58701,0.91,1.9,Avenida República Argentina
-25.52709,-54.58689,0.91,1.9,Avenida República Argentina
-25.52732,-54.58671,0.91,1.9,Avenida República Argentina
-25.52732,-54.58671,0.91,1.9,Avenida República Argentina
-25.52757,-54.5865,0.91,1.9,Avenida República Argentina
-25.52773,-54.58639,0.91,1.9,Avenida República Argentina
-25.52773,-54.58639,0.91,1.9,Avenida República Argentina
-25.5279,-54.58632,0.91,1.9,Avenida República Argentina
-25.52805,-54.58629,0.91,1.9,Avenida República Argentina
-25.52805,-54.58629,0.91,1.9,Avenida República Argentina
-25.52816,-54.58629,0.91,1.9,Avenida República Argentina
-25.52816,-54.58629,0.91,1.9,Avenida República Argentina
-25.52902,-54.58635,0.91,1.9,Avenida República Argentina
-25.52902,-54.58635,0.91,1.9,Avenida República Argentina
-25.52985,-54.58641,0.91,1.9,Avenida República Argentina
-25.52985,-54.58641,0.91,1.9,Avenida República Argentina
-25.5302,-54.58643,0.91,1.9,Avenida República Argentina
-25.5302,-54.58643,0.91,1.9,Avenida República Argentina
-25.53055,-54.58646,0.91,1.9,Avenida República Argentina
-25.53055,-54.58646,0.91,1.9,Avenida República Argentina
-25.53069,-54.58649,0.91,1.9,Avenida República Argentina
-25.53103,-54.58659,0.91,1.9,Avenida República Argentina
-25.53114,-54.58661,0.91,1.9,Avenida República Argentina
-25.5314,-54.58663,0.91,1.9,Avenida República Argentina
-25.5314,-54.58663,0.91,1.9,Avenida República Argentina
-25.53225,-54.58669,0.91,1.9,Avenida República Argentina
-25.53225,-54.58669,0.91,1.9,Avenida República Argentina
-25.53241,-54.5867,0.91,1.9,Avenida República Argentina
-25.53241,-54.5867,0.91,1.9,Avenida República Argentina
-25.53267,-54.58671,0.91,1.9,Avenida República Argentina
-25.53267,-54.58671,0.91,1.9,Avenida República Argentina
-25.53282,-54.58672,0.91,1.9,Avenida República Argentina
-25.53282,-54.58672,0.91,1.9,Avenida República Argentina
-25.53296,-54.58673,0.91,1.9,Avenida República Argentina
-25.53296,-54.58673,0.91,1.9,Avenida República Argentina
-25.53362,-54.58678,0.91,1.9,Avenida República Argentina
-25.53399,-54.58686,0.91,1.9,Avenida República Argentina
-25.51653,-54.58538,1.12,0.3,Rua Manoel Bandeira
-25.51764,-54.58548,1.12,0.3,Rua Manoel Bandeira
-25.51764,-54.58548,1.12,0.3,Rua Manoel Bandeira
-25.51804,-54.58551,1.12,0.3,Rua Manoel Bandeira
-25.51804,-54.58551,1.12,0.3,Rua Manoel Bandeira
-25.51845,-54.58554,1.12,0.3,Rua Manoel Bandeira
-25.51845,-54.58554,1.12,0.3,Rua Manoel Bandeira
-25.51848,-54.58554,1.12,0.3,Rua Manoel Bandeira
-25.51848,-54.58554,1.12,0.3,Rua Manoel Bandeira
-25.5186,-54.58555,1.12,0.3,Rua Manoel Bandeira
-25.5186,-54.58555,1.12,0.3,Rua Manoel Bandeira
-25.51953,-54.58562,1.12,0.3,Rua Manoel Bandeira
-25.534,-54.58672,0.94,1.7,Rua Manoel Bandeira
-25.53352,-54.58662,0.94,1.7,Rua Manoel Bandeira
-25.53296,-54.58658,0.94,1.7,Rua Manoel Bandeira
-25.53296,-54.58658,0.94,1.7,Rua Manoel Bandeira
-25.53283,-54.58657,0.94,1.7,Rua Manoel Bandeira
-25.53283,-54.58657,0.94,1.7,Rua Manoel Bandeira
-25.53268,-54.58656,0.94,1.7,Rua Manoel Bandeira
-25.53268,-54.58656,0.94,1.7,Rua Manoel Bandeira
-25.53241,-54.58654,0.94,1.7,Rua Manoel Bandeira
-25.53241,-54.58654,0.94,1.7,Rua Manoel Bandeira
-25.53224,-54.58653,0.94,1.7,Rua Manoel Bandeira
-25.53224,-54.58653,0.94,1.7,Rua Manoel Bandeira
-25.53183,-54.58651,0.94,1.7,Rua Manoel Bandeira
-25.53183,-54.58651,0.94,1.7,Rua Manoel Bandeira
-25.5314,-54.58648,0.94,1.7,Rua Manoel Bandeira
-25.5314,-54.58648,0.94,1.7,Rua Manoel Bandeira
-25.53128,-54.58647,0.94,1.7,Rua Manoel Bandeira
-25.53108,-54.58643,0.94,1.7,Rua Manoel Bandeira
-25.53099,-54.5864,0.94,1.7,Rua Manoel Bandeira
-25.53073,-54.58626,0.94,1.7,Rua Manoel Bandeira
-25.53059,-54.58621,0.94,1.7,Rua Manoel Bandeira
-25.53059,-54.58621,0.94,1.7,Rua Manoel Bandeira
-25.53021,-54.58616,0.94,1.7,Rua Manoel Bandeira
-25.53021,-54.58616,0.94,1.7,Rua Manoel Bandeira
-25.52985,-54.58614,0.94,1.7,Rua Manoel Bandeira
-25.52985,-54.58614,0.94,1.7,Rua Manoel Bandeira
-25.52903,-54.58609,0.94,1.7,Rua Manoel Bandeira
-25.52903,-54.58609,0.94,1.7,Rua Manoel Bandeira
-25.52834,-54.58605,0.94,1.7,Rua Manoel Bandeira
-25.52816,-54.58606,0.94,1.7,Rua Manoel Bandeira
-25.52816,-54.58606,0.94,1.7,Rua Manoel Bandeira
-25.52806,-54.58607,0.94,1.7,Rua Manoel Bandeira
-25.52806,-54.58607,0.94,1.7,Rua Manoel Bandeira
-25.52783,-54.58614,0.94,1.7,Rua Manoel Bandeira
-25.52765,-54.58623,0.94,1.7,Rua Manoel Bandeira
-25.52765,-54.58623,0.94,1.7,Rua Manoel Bandeira
-25.52724,-54.58651,0.94,1.7,Rua Manoel Bandeira
-25.52724,-54.58651,0.94,1.7,Rua Manoel Bandeira
-25.52699,-54.58664,0.94,1.7,Rua Manoel Bandeira
-25.52682,-54.58669,0.94,1.7,Rua Manoel Bandeira
-25.52682,-54.58669,0.94,1.7,Rua Manoel Bandeira
-25.52647,-54.58676,0.94,1.7,Rua Manoel Bandeira
-25.52618,-54.58677,0.94,1.7,Rua Manoel Bandeira
-25.52592,-54.58674,0.94,1.7,Rua Manoel Bandeira
-25.52565,-54.58667,0.94,1.7,Rua Manoel Bandeira
-25.52549,-54.58661,0.94,1.7,Rua Manoel Bandeira
-25.52521,-54.58646,0.94,1.7,Rua Manoel Bandeira
-25.5249,-54.58622,0.94,1.7,Rua Manoel Bandeira
-25.52464,-54.58598,0.94,1.7,Rua Manoel Bandeira
-25.5245,-54.58589,0.94,1.7,Rua Manoel Bandeira
-25.52418,-54.58579,0.94,1.7,Rua Manoel Bandeira
-25.52388,-54.58573,0.94,1.7,Rua Manoel Bandeira
-25.52388,-54.58573,0.94,1.7,Rua Manoel Bandeira
-25.52376,-54.58571,0.94,1.7,Rua Manoel Bandeira
-25.52376,-54.58571,0.94,1.7,Rua Manoel Bandeira
-25.52364,-54.5857,0.94,1.7,Rua Manoel Bandeira
-25.52364,-54.5857,0.94,1.7,Rua Manoel Bandeira
-25.52351,-54.58569,0.94,1.7,Rua Manoel Bandeira
-25.52351,-54.58569,0.94,1.7,Rua Manoel Bandeira
-25.52233,-54.5856,0.94,1.7,Rua Manoel Bandeira
-25.52233,-54.5856,0.94,1.7,Rua Manoel Bandeira
-25.5213,-54.58552,0.94,1.7,Rua Manoel Bandeira
-25.5213,-54.58552,0.94,1.7,Rua Manoel Bandeira
-25.5205,-54.58546,0.94,1.7,Rua Manoel Bandeira
-25.5205,-54.58546,0.94,1.7,Rua Manoel Bandeira
-25.52014,-54.58543,0.94,1.7,Rua Manoel Bandeira
-25.52014,-54.58543,0.94,1.7,Rua Manoel Bandeira
-25.51987,-54.58541,0.94,1.7,Rua Manoel Bandeira
-25.51987,-54.58541,0.94,1.7,Rua Manoel Bandeira
-25.51959,-54.58539,0.94,1.7,Rua Manoel Bandeira
-25.35949,-54.24782,3.85,0.0,Santa Terezinha de Itaipu
-25.35961,-54.24803,3.85,0.0,Santa Terezinha de Itaipu
-25.35961,-54.24803,3.85,0.0,Santa Terezinha de Itaipu
-25.36008,-54.24883,3.85,0.0,Santa Terezinha de Itaipu
-25.36008,-54.24883,3.85,0.0,Santa Terezinha de Itaipu
-25.36028,-54.24914,3.85,0.0,Santa Terezinha de Itaipu
-25.36028,-54.24914,3.85,0.0,Santa Terezinha de Itaipu
-25.36145,-54.25099,3.85,0.0,Santa Terezinha de Itaipu
-25.36182,-54.2516,3.85,0.0,Santa Terezinha de Itaipu
-25.36216,-54.2522,3.85,0.0,Santa Terezinha de Itaipu
-25.36216,-54.2522,3.85,0.0,Santa Terezinha de Itaipu
-25.36432,-54.256,3.85,0.0,Santa Terezinha de Itaipu
-25.36432,-54.256,3.85,0.0,Santa Terezinha de Itaipu
-25.36933,-54.26481,3.85,0.0,Santa Terezinha de Itaipu
-25.37004,-54.26603,3.85,0.0,Santa Terezinha de Itaipu
-25.37004,-54.26603,3.85,0.0,Santa Terezinha de Itaipu
-25.37042,-54.26669,3.85,0.0,Santa Terezinha de Itaipu
-25.37042,-54.26669,3.85,0.0,Santa Terezinha de Itaipu
-25.37174,-54.26899,3.85,0.0,Santa Terezinha de Itaipu
-25.37191,-54.2693,3.85,0.0,Santa Terezinha de Itaipu
-25.37206,-54.26962,3.85,0.0,Santa Terezinha de Itaipu
-25.37206,-54.26962,3.85,0.0,Santa Terezinha de Itaipu
-25.37228,-54.27011,3.85,0.0,Santa Terezinha de Itaipu
-25.37249,-54.27054,3.85,0.0,Santa Terezinha de Itaipu
-25.37249,-54.27054,3.85,0.0,Santa Terezinha de Itaipu
-25.37284,-54.27117,3.85,0.0,Santa Terezinha de Itaipu
-25.37284,-54.27117,3.85,0.0,Santa Terezinha de Itaipu
-25.37322,-54.27184,3.85,0.0,Santa Terezinha de Itaipu
-25.37322,-54.27184,3.85,0.0,Santa Terezinha de Itaipu
-25.37345,-54.27223,3.85,0.0,Santa Terezinha de Itaipu
-25.37375,-54.27268,3.85,0.0,Santa Terezinha de Itaipu
-25.37375,-54.27268,3.85,0.0,Santa Terezinha de Itaipu
-25.37438,-54.27356,3.85,0.0,Santa Terezinha de Itaipu
-25.37464,-54.27398,3.85,0.0,Santa Terezinha de Itaipu
-25.37475,-54.27418,3.85,0.0,Santa Terezinha de Itaipu
-25.37475,-54.27418,3.85,0.0,Santa Terezinha de Itaipu
-25.37745,-54.27885,3.85,0.0,Santa Terezinha de Itaipu
-25.37745,-54.27885,3.85,0.0,Santa Terezinha de Itaipu
-25.37761,-54.27913,3.85,0.0,Santa Terezinha de Itaipu
-25.37761,-54.27913,3.85,0.0,Santa Terezinha de Itaipu
-25.37768,-54.27925,3.85,0.0,Santa Terezinha de Itaipu
-25.37768,-54.27925,3.85,0.0,Santa Terezinha de Itaipu
-25.37795,-54.27973,3.85,0.0,Santa Terezinha de Itaipu
-25.37795,-54.27973,3.85,0.0,Santa Terezinha de Itaipu
-25.37863,-54.2809,3.85,0.0,Santa Terezinha de Itaipu
-25.37863,-54.2809,3.85,0.0,Santa Terezinha de Itaipu
-25.37904,-54.28162,3.85,0.0,Santa Terezinha de Itaipu
-25.37904,-54.28162,3.85,0.0,Santa Terezinha de Itaipu
-25.37913,-54.28177,3.85,0.0,Santa Terezinha de Itaipu
-25.37913,-54.28177,3.85,0.0,Santa Terezinha de Itaipu
-25.37927,-54.28201,3.85,0.0,Santa Terezinha de Itaipu
-25.37927,-54.28201,3.85,0.0,Santa Terezinha de Itaipu
-25.37951,-54.28242,3.85,0.0,Santa Terezinha de Itaipu
-25.37951,-54.28242,3.85,0.0,Santa Terezinha de Itaipu
-25.38001,-54.28329,3.85,0.0,Santa Terezinha de Itaipu
-25.38001,-54.28329,3.85,0.0,Santa Terezinha de Itaipu
-25.38129,-54.2855,3.85,0.0,Santa Terezinha de Itaipu
-25.38129,-54.2855,3.85,0.0,Santa Terezinha de Itaipu
-25.38212,-54.28694,3.85,0.0,Santa Terezinha de Itaipu
-25.38212,-54.28694,3.85,0.0,Santa Terezinha de Itaipu
-25.38256,-54.28771,3.85,0.0,Santa Terezinha de Itaipu
-25.38256,-54.28771,3.85,0.0,Santa Terezinha de Itaipu
-25.38538,-54.29258,3.85,0.0,Santa Terezinha de Itaipu
-25.38538,-54.29258,3.85,0.0,Santa Terezinha de Itaipu
-25.38558,-54.29293,3.85,0.0,Santa Terezinha de Itaipu
-25.38558,-54.29293,3.85,0.0,Santa Terezinha de Itaipu
-25.38905,-54.29895,3.85,0.0,Santa Terezinha de Itaipu
-25.38905,-54.29895,3.85,0.0,Santa Terezinha de Itaipu
-25.39034,-54.30118,3.85,0.0,Santa Terezinha de Itaipu
-25.39034,-54.30118,3.85,0.0,Santa Terezinha de Itaipu
-25.39119,-54.30265,3.85,0.0,Santa Terezinha de Itaipu
-25.39119,-54.30265,3.85,0.0,Santa Terezinha de Itaipu
-25.39161,-54.30338,3.85,0.0,Santa Terezinha de Itaipu
-25.39161,-54.30338,3.85,0.0,Santa Terezinha de Itaipu
-25.39274,-54.30534,3.85,0.0,Santa Terezinha de Itaipu
-25.39274,-54.30534,3.85,0.0,Santa Terezinha de Itaipu
-25.39303,-54.30584,3.85,0.0,Santa Terezinha de Itaipu
-25.39303,-54.30584,3.85,0.0,Santa Terezinha de Itaipu
-25.39337,-54.30643,3.85,0.0,Santa Terezinha de Itaipu
-25.39337,-54.30643,3.85,0.0,Santa Terezinha de Itaipu
-25.39371,-54.30702,3.85,0.0,Santa Terezinha de Itaipu
-25.39371,-54.30702,3.85,0.0,Santa Terezinha de Itaipu
-25.39391,-54.30737,3.85,0.0,Santa Terezinha de Itaipu
-25.39391,-54.30737,3.85,0.0,Santa Terezinha de Itaipu
-25.39857,-54.31543,3.85,0.0,Santa Terezinha de Itaipu
-25.39857,-54.31543,3.85,0.0,Santa Terezinha de Itaipu
-25.40635,-54.32887,3.85,0.0,Santa Terezinha de Itaipu
-25.41178,-54.33821,3.85,0.0,Santa Terezinha de Itaipu
-25.41178,-54.33821,3.85,0.0,Santa Terezinha de Itaipu
-25.41345,-54.34109,3.85,0.0,Santa Terezinha de Itaipu
-25.41345,-54.34109,3.85,0.0,Santa Terezinha de Itaipu
-25.41368,-54.34148,3.85,0.0,Santa Terezinha de Itaipu
-25.41368,-54.34148,3.85,0.0,Santa Terezinha de Itaipu
-25.41399,-54.34202,3.85,0.0,Santa Terezinha de Itaipu
-25.41399,-54.34202,3.85,0.0,Santa Terezinha de Itaipu
-25.4145,-54.34289,3.85,0.0,Santa Terezinha de Itaipu
-25.4145,-54.34289,3.85,0.0,Santa Terezinha de Itaipu
-25.41474,-54.3433,3.85,0.0,Santa Terezinha de Itaipu
-25.41474,-54.3433,3.85,0.0,Santa Terezinha de Itaipu
-25.41497,-54.3437,3.85,0.0,Santa Terezinha de Itaipu
-25.41497,-54.3437,3.85,0.0,Santa Terezinha de Itaipu
-25.41521,-54.34411,3.85,0.0,Santa Terezinha de Itaipu
-25.41521,-54.34411,3.85,0.0,Santa Terezinha de Itaipu
-25.41546,-54.34454,3.85,0.0,Santa Terezinha de Itaipu
-25.41546,-54.34454,3.85,0.0,Santa Terezinha de Itaipu
-25.41855,-54.34981,3.85,0.0,Santa Terezinha de Itaipu
-25.41855,-54.34981,3.85,0.0,Santa Terezinha de Itaipu
-25.41891,-54.35043,3.85,0.0,Santa Terezinha de Itaipu
-25.41891,-54.35043,3.85,0.0,Santa Terezinha de Itaipu
-25.42326,-54.35787,3.85,0.0,Santa Terezinha de Itaipu
-25.42326,-54.35787,3.85,0.0,Santa Terezinha de Itaipu
-25.42352,-54.35832,3.85,0.0,Santa Terezinha de Itaipu
-25.42352,-54.35832,3.85,0.0,Santa Terezinha de Itaipu
-25.42385,-54.35888,3.85,0.0,Santa Terezinha de Itaipu
-25.42385,-54.35888,3.85,0.0,Santa Terezinha de Itaipu
-25.42396,-54.35907,3.85,0.0,Santa Terezinha de Itaipu
-25.42396,-54.35907,3.85,0.0,Santa Terezinha de Itaipu
-25.42409,-54.35929,3.85,0.0,Santa Terezinha de Itaipu
-25.42409,-54.35929,3.85,0.0,Santa Terezinha de Itaipu
-25.4248,-54.3605,3.85,0.0,Santa Terezinha de Itaipu
-25.4248,-54.3605,3.85,0.0,Santa Terezinha de Itaipu
-25.42511,-54.36104,3.85,0.0,Santa Terezinha de Itaipu
-25.42511,-54.36104,3.85,0.0,Santa Terezinha de Itaipu
-25.42535,-54.36148,3.85,0.0,Santa Terezinha de Itaipu
-25.42535,-54.36148,3.85,0.0,Santa Terezinha de Itaipu
-25.42561,-54.36194,3.85,0.0,Santa Terezinha de Itaipu
-25.42561,-54.36194,3.85,0.0,Santa Terezinha de Itaipu
-25.42578,-54.36224,3.85,0.0,Santa Terezinha de Itaipu
-25.42578,-54.36224,3.85,0.0,Santa Terezinha de Itaipu
-25.42684,-54.36397,3.85,0.0,Santa Terezinha de Itaipu
-25.42684,-54.36397,3.85,0.0,Santa Terezinha de Itaipu
-25.4269,-54.36408,3.85,0.0,Santa Terezinha de Itaipu
-25.4269,-54.36408,3.85,0.0,Santa Terezinha de Itaipu
-25.42764,-54.36534,3.85,0.0,Santa Terezinha de Itaipu
-25.42764,-54.36534,3.85,0.0,Santa Terezinha de Itaipu
-25.42774,-54.36549,3.85,0.0,Santa Terezinha de Itaipu
-25.42774,-54.36549,3.85,0.0,Santa Terezinha de Itaipu
-25.42785,-54.36566,3.85,0.0,Santa Terezinha de Itaipu
-25.42785,-54.36566,3.85,0.0,Santa Terezinha de Itaipu
-25.4281,-54.36609,3.85,0.0,Santa Terezinha de Itaipu
-25.4281,-54.36609,3.85,0.0,Santa Terezinha de Itaipu
-25.42823,-54.36633,3.85,0.0,Santa Terezinha de Itaipu
-25.42823,-54.36633,3.85,0.0,Santa Terezinha de Itaipu
-25.42831,-54.36647,3.85,0.0,Santa Terezinha de Itaipu
-25.42831,-54.36647,3.85,0.0,Santa Terezinha de Itaipu
-25.42851,-54.36681,3.85,0.0,Santa Terezinha de Itaipu
-25.42851,-54.36681,3.85,0.0,Santa Terezinha de Itaipu
-25.4287,-54.36712,3.85,0.0,Santa Terezinha de Itaipu
-25.4287,-54.36712,3.85,0.0,Santa Terezinha de Itaipu
-25.42883,-54.36733,3.85,0.0,Santa Terezinha de Itaipu
-25.42883,-54.36733,3.85,0.0,Santa Terezinha de Itaipu
-25.42904,-54.36767,3.85,0.0,Santa Terezinha de Itaipu
-25.42904,-54.36767,3.85,0.0,Santa Terezinha de Itaipu
-25.43312,-54.3746,3.85,0.0,Santa Terezinha de Itaipu
-25.43312,-54.3746,3.85,0.0,Santa Terezinha de Itaipu
-25.43494,-54.37768,3.85,0.0,Santa Terezinha de Itaipu
-25.43494,-54.37768,3.85,0.0,Santa Terezinha de Itaipu
-25.43522,-54.37815,3.85,0.0,Santa Terezinha de Itaipu
-25.43522,-54.37815,3.85,0.0,Santa Terezinha de Itaipu
-25.43547,-54.37858,3.85,0.0,Santa Terezinha de Itaipu
-25.43547,-54.37858,3.85,0.0,Santa Terezinha de Itaipu
-25.43577,-54.37912,3.85,0.0,Santa Terezinha de Itaipu
-25.43587,-54.37899,3.46,2.1,Rua São Sepé/Avenida Iguaçu
-25.43563,-54.37857,3.46,2.1,Rua São Sepé/Avenida Iguaçu
-25.43563,-54.37857,3.46,2.1,Rua São Sepé/Avenida Iguaçu
-25.43534,-54.37807,3.46,2.1,Rua São Sepé/Avenida Iguaçu
-25.43534,-54.37807,3.46,2.1,Rua São Sepé/Avenida Iguaçu
-25.43507,-54.37763,3.46,2.1,Rua São Sepé/Avenida Iguaçu
-25.43507,-54.37763,3.46,2.1,Rua São Sepé/Avenida Iguaçu
-25.43474,-54.37705,3.46,2.1,Rua São Sepé/Avenida Iguaçu
-25.43422,-54.37619,3.46,2.1,Rua São Sepé/Avenida Iguaçu
-25.4332,-54.37445,3.46,2.1,Rua São Sepé/Avenida Iguaçu
-25.4332,-54.37445,3.46,2.1,Rua São Sepé/Avenida Iguaçu
-25.4316,-54.37174,3.46,2.1,Rua São Sepé/Avenida Iguaçu
-25.4316,-54.37174,3.46,2.1,Rua São Sepé/Avenida Iguaçu
-25.43081,-54.37042,3.46,2.1,Rua São Sepé/Avenida Iguaçu
-25.43081,-54.37042,3.46,2.1,Rua São Sepé/Avenida Iguaçu
-25.43052,-54.36991,3.46,2.1,Rua São Sepé/Avenida Iguaçu
-25.429,-54.36734,3.46,2.1,Rua São Sepé/Avenida Iguaçu
-25.429,-54.36734,3.46,2.1,Rua São Sepé/Avenida Iguaçu
-25.42883,-54.36706,3.46,2.1,Rua São Sepé/Avenida Iguaçu
-25.42883,-54.36706,3.46,2.1,Rua São Sepé/Avenida Iguaçu
-25.42855,-54.36656,3.46,2.1,Rua São Sepé/Avenida Iguaçu
-25.42855,-54.36656,3.46,2.1,Rua São Sepé/Avenida Iguaçu
-25.42844,-54.36637,3.46,2.1,Rua São Sepé/Avenida Iguaçu
-25.42844,-54.36637,3.46,2.1,Rua São Sepé/Avenida Iguaçu
-25.42834,-54.36621,3.46,2.1,Rua São Sepé/Avenida Iguaçu
-25.42834,-54.36621,3.46,2.1,Rua São Sepé/Avenida Iguaçu
-25.42813,-54.36577,3.46,2.1,Rua São Sepé/Avenida Iguaçu
-25.42813,-54.36577,3.46,2.1,Rua São Sepé/Avenida Iguaçu
-25.42807,-54.36565,3.46,2.1,Rua São Sepé/Avenida Iguaçu
-25.42807,-54.36565,3.46,2.1,Rua São Sepé/Avenida Iguaçu
-25.42797,-54.36547,3.46,2.1,Rua São Sepé/Avenida Iguaçu
-25.42797,-54.36547,3.46,2.1,Rua São Sepé/Avenida Iguaçu
-25.4279,-54.36535,3.46,2.1,Rua São Sepé/Avenida Iguaçu
-25.4279,-54.36535,3.46,2.1,Rua São Sepé/Avenida Iguaçu
-25.4277,-54.36501,3.46,2.1,Rua São Sepé/Avenida Iguaçu
-25.4277,-54.36501,3.46,2.1,Rua São Sepé/Avenida Iguaçu
-25.42714,-54.36402,3.46,2.1,Rua São Sepé/Avenida Iguaçu
-25.42714,-54.36402,3.46,2.1,Rua São Sepé/Avenida Iguaçu
-25.42708,-54.36391,3.46,2.1,Rua São Sepé/Avenida Iguaçu
-25.42708,-54.36391,3.46,2.1,Rua São Sepé/Avenida Iguaçu
-25.42676,-54.36342,3.46,2.1,Rua São Sepé/Avenida Iguaçu
-25.42676,-54.36342,3.46,2.1,Rua São Sepé/Avenida Iguaçu
-25.42664,-54.36327,3.46,2.1,Rua São Sepé/Avenida Iguaçu
-25.42664,-54.36327,3.46,2.1,Rua São Sepé/Avenida Iguaçu
-25.42645,-54.36299,3.46,2.1,Rua São Sepé/Avenida Iguaçu
-25.42645,-54.36299,3.46,2.1,Rua São Sepé/Avenida Iguaçu
-25.42635,-54.36283,3.46,2.1,Rua São Sepé/Avenida Iguaçu
-25.42635,-54.36283,3.46,2.1,Rua São Sepé/Avenida Iguaçu
-25.42618,-54.36254,3.46,2.1,Rua São Sepé/Avenida Iguaçu
-25.42618,-54.36254,3.46,2.1,Rua São Sepé/Avenida Iguaçu
-25.42602,-54.36229,3.46,2.1,Rua São Sepé/Avenida Iguaçu
-25.42602,-54.36229,3.46,2.1,Rua São Sepé/Avenida Iguaçu
-25.42588,-54.36208,3.46,2.1,Rua São Sepé/Avenida Iguaçu
-25.42588,-54.36208,3.46,2.1,Rua São Sepé/Avenida Iguaçu
-25.42535,-54.36116,3.46,2.1,Rua São Sepé/Avenida Iguaçu
-25.42525,-54.36097,3.46,2.1,Rua São Sepé/Avenida Iguaçu
-25.42497,-54.36037,3.46,2.1,Rua São Sepé/Avenida Iguaçu
-25.42497,-54.36037,3.46,2.1,Rua São Sepé/Avenida Iguaçu
-25.42452,-54.35943,3.46,2.1,Rua São Sepé/Avenida Iguaçu
-25.42431,-54.35906,3.46,2.1,Rua São Sepé/Avenida Iguaçu
-25.42431,-54.35906,3.46,2.1,Rua São Sepé/Avenida Iguaçu
-25.42419,-54.35887,3.46,2.1,Rua São Sepé/Avenida Iguaçu
-25.42419,-54.35887,3.46,2.1,Rua São Sepé/Avenida Iguaçu
-25.42411,-54.35873,3.46,2.1,Rua São Sepé/Avenida Iguaçu
-25.42411,-54.35873,3.46,2.1,Rua São Sepé/Avenida Iguaçu
-25.42381,-54.35823,3.46,2.1,Rua São Sepé/Avenida Iguaçu
-25.42352,-54.35781,3.46,2.1,Rua São Sepé/Avenida Iguaçu
-25.42352,-54.35781,3.46,2.1,Rua São Sepé/Avenida Iguaçu
-25.42287,-54.35691,3.46,2.1,Rua São Sepé/Avenida Iguaçu
-25.42266,-54.35658,3.46,2.1,Rua São Sepé/Avenida Iguaçu
-25.42214,-54.35567,3.46,2.1,Rua São Sepé/Avenida Iguaçu
-25.42025,-54.35244,3.46,2.1,Rua São Sepé/Avenida Iguaçu
-25.42025,-54.35244,3.46,2.1,Rua São Sepé/Avenida Iguaçu
-25.41943,-54.35104,3.46,2.1,Rua São Sepé/Avenida Iguaçu
-25.41943,-54.35104,3.46,2.1,Rua São Sepé/Avenida Iguaçu
-25.41913,-54.35052,3.46,2.1,Rua São Sepé/Avenida Iguaçu
-25.41913,-54.35052,3.46,2.1,Rua São Sepé/Avenida Iguaçu
-25.41898,-54.35027,3.46,2.1,Rua São Sepé/Avenida Iguaçu
-25.41898,-54.35027,3.46,2.1,Rua São Sepé/Avenida Iguaçu
-25.41867,-54.34973,3.46,2.1,Rua São Sepé/Avenida Iguaçu
-25.41867,-54.34973,3.46,2.1,Rua São Sepé/Avenida Iguaçu
-25.41731,-54.34743,3.46,2.1,Rua São Sepé/Avenida Iguaçu
-25.41563,-54.34455,3.46,2.1,Rua São Sepé/Avenida Iguaçu
-25.41563,-54.34455,3.46,2.1,Rua São Sepé/Avenida Iguaçu
-25.41532,-54.34402,3.46,2.1,Rua São Sepé/Avenida Iguaçu
-25.41532,-54.34402,3.46,2.1,Rua São Sepé/Avenida Iguaçu
-25.41485,-54.34321,3.46,2.1,Rua São Sepé/Avenida Iguaçu
-25.41485,-54.34321,3.46,2.1,Rua São Sepé/Avenida Iguaçu
-25.41448,-54.34258,3.46,2.1,Rua São Sepé/Avenida Iguaçu
-25.41448,-54.34258,3.46,2.1,Rua São Sepé/Avenida Iguaçu
-25.4141,-54.34192,3.46,2.1,Rua São Sepé/Avenida Iguaçu
-25.4141,-54.34192,3.46,2.1,Rua São Sepé/Avenida Iguaçu
-25.41383,-54.34146,3.46,2.1,Rua São Sepé/Avenida Iguaçu
-25.41383,-54.34146,3.46,2.1,Rua São Sepé/Avenida Iguaçu
-25.41343,-54.34077,3.46,2.1,Rua São Sepé/Avenida Iguaçu
-25.41343,-54.34077,3.46,2.1,Rua São Sepé/Avenida Iguaçu
-25.41188,-54.33812,3.46,2.1,Rua São Sepé/Avenida Iguaçu
-25.41188,-54.33812,3.46,2.1,Rua São Sepé/Avenida Iguaçu
-25.40731,-54.33026,3.46,2.1,Rua São Sepé/Avenida Iguaçu
-25.39869,-54.31536,3.46,2.1,Rua São Sepé/Avenida Iguaçu
-25.39869,-54.31536,3.46,2.1,Rua São Sepé/Avenida Iguaçu
-25.3941,-54.30742,3.46,2.1,Rua São Sepé/Avenida Iguaçu
-25.3941,-54.30742,3.46,2.1,Rua São Sepé/Avenida Iguaçu
-25.3938,-54.3069,3.46,2.1,Rua São Sepé/Avenida Iguaçu
-25.3938,-54.3069,3.46,2.1,Rua São Sepé/Avenida Iguaçu
-25.39346,-54.3063,3.46,2.1,Rua São Sepé/Avenida Iguaçu
-25.39346,-54.3063,3.46,2.1,Rua São Sepé/Avenida Iguaçu
-25.39314,-54.30574,3.46,2.1,Rua São Sepé/Avenida Iguaçu
-25.39314,-54.30574,3.46,2.1,Rua São Sepé/Avenida Iguaçu
-25.39292,-54.30537,3.46,2.1,Rua São Sepé/Avenida Iguaçu
-25.39292,-54.30537,3.46,2.1,Rua São Sepé/Avenida Iguaçu
-25.39175,-54.30333,3.46,2.1,Rua São Sepé/Avenida Iguaçu
-25.39175,-54.30333,3.46,2.1,Rua São Sepé/Avenida Iguaçu
-25.39131,-54.30258,3.46,2.1,Rua São Sepé/Avenida Iguaçu
-25.39131,-54.30258,3.46,2.1,Rua São Sepé/Avenida Iguaçu
-25.39045,-54.30109,3.46,2.1,Rua São Sepé/Avenida Iguaçu
-25.39045,-54.30109,3.46,2.1,Rua São Sepé/Avenida Iguaçu
-25.38917,-54.29887,3.46,2.1,Rua São Sepé/Avenida Iguaçu
-25.38917,-54.29887,3.46,2.1,Rua São Sepé/Avenida Iguaçu
-25.38571,-54.29288,3.46,2.1,Rua São Sepé/Avenida Iguaçu
-25.38571,-54.29288,3.46,2.1,Rua São Sepé/Avenida Iguaçu
-25.38268,-54.28763,3.46,2.1,Rua São Sepé/Avenida Iguaçu
-25.38268,-54.28763,3.46,2.1,Rua São Sepé/Avenida Iguaçu
-25.3814,-54.28542,3.46,2.1,Rua São Sepé/Avenida Iguaçu
-25.3814,-54.28542,3.46,2.1,Rua São Sepé/Avenida Iguaçu
-25.38081,-54.2844,3.46,2.1,Rua São Sepé/Avenida Iguaçu
-25.38081,-54.2844,3.46,2.1,Rua São Sepé/Avenida Iguaçu
-25.38052,-54.2839,3.46,2.1,Rua São Sepé/Avenida Iguaçu
-25.38052,-54.2839,3.46,2.1,Rua São Sepé/Avenida Iguaçu
-25.37968,-54.28245,3.46,2.1,Rua São Sepé/Avenida Iguaçu
-25.37968,-54.28245,3.46,2.1,Rua São Sepé/Avenida Iguaçu
-25.37939,-54.28194,3.46,2.1,Rua São Sepé/Avenida Iguaçu
-25.37939,-54.28194,3.46,2.1,Rua São Sepé/Avenida Iguaçu
-25.37916,-54.28155,3.46,2.1,Rua São Sepé/Avenida Iguaçu
-25.37916,-54.28155,3.46,2.1,Rua São Sepé/Avenida Iguaçu
-25.37874,-54.28082,3.46,2.1,Rua São Sepé/Avenida Iguaçu
-25.37874,-54.28082,3.46,2.1,Rua São Sepé/Avenida Iguaçu
-25.37839,-54.28021,3.46,2.1,Rua São Sepé/Avenida Iguaçu
-25.37839,-54.28021,3.46,2.1,Rua São Sepé/Avenida Iguaçu
-25.37806,-54.27963,3.46,2.1,Rua São Sepé/Avenida Iguaçu
-25.37806,-54.27963,3.46,2.1,Rua São Sepé/Avenida Iguaçu
-25.37784,-54.27925,3.46,2.1,Rua São Sepé/Avenida Iguaçu
-25.37784,-54.27925,3.46,2.1,Rua São Sepé/Avenida Iguaçu
-25.37767,-54.27895,3.46,2.1,Rua São Sepé/Avenida Iguaçu
-25.37767,-54.27895,3.46,2.1,Rua São Sepé/Avenida Iguaçu
-25.37717,-54.27809,3.46,2.1,Rua São Sepé/Avenida Iguaçu
-25.37717,-54.27809,3.46,2.1,Rua São Sepé/Avenida Iguaçu
-25.37428,-54.27309,3.46,2.1,Rua São Sepé/Avenida Iguaçu
-25.37428,-54.27309,3.46,2.1,Rua São Sepé/Avenida Iguaçu
-25.37409,-54.27276,3.46,2.1,Rua São Sepé/Avenida Iguaçu
-25.37409,-54.27276,3.46,2.1,Rua São Sepé/Avenida Iguaçu
-25.37393,-54.27248,3.46,2.1,Rua São Sepé/Avenida Iguaçu
-25.37393,-54.27248,3.46,2.1,Rua São Sepé/Avenida Iguaçu
-25.3735,-54.27175,3.46,2.1,Rua São Sepé/Avenida Iguaçu
-25.3735,-54.27175,3.46,2.1,Rua São Sepé/Avenida Iguaçu
-25.37308,-54.27101,3.46,2.1,Rua São Sepé/Avenida Iguaçu
-25.37308,-54.27101,3.46,2.1,Rua São Sepé/Avenida Iguaçu
-25.37228,-54.26964,3.46,2.1,Rua São Sepé/Avenida Iguaçu
-25.37228,-54.26964,3.46,2.1,Rua São Sepé/Avenida Iguaçu
-25.37188,-54.26895,3.46,2.1,Rua São Sepé/Avenida Iguaçu
-25.37188,-54.26895,3.46,2.1,Rua São Sepé/Avenida Iguaçu
-25.37171,-54.26864,3.46,2.1,Rua São Sepé/Avenida Iguaçu
-25.37136,-54.26805,3.46,2.1,Rua São Sepé/Avenida Iguaçu
-25.37136,-54.26805,3.46,2.1,Rua São Sepé/Avenida Iguaçu
-25.36797,-54.26213,3.46,2.1,Rua São Sepé/Avenida Iguaçu
-25.36443,-54.25591,3.46,2.1,Rua São Sepé/Avenida Iguaçu
-25.36443,-54.25591,3.46,2.1,Rua São Sepé/Avenida Iguaçu
-25.36234,-54.25224,3.46,2.1,Rua São Sepé/Avenida Iguaçu
-25.36234,-54.25224,3.46,2.1,Rua São Sepé/Avenida Iguaçu
-25.36086,-54.24964,3.46,2.1,Rua São Sepé/Avenida Iguaçu
-25.36086,-54.24964,3.46,2.1,Rua São Sepé/Avenida Iguaçu
-25.36034,-54.24872,3.46,2.1,Rua São Sepé/Avenida Iguaçu
-25.36034,-54.24872,3.46,2.1,Rua São Sepé/Avenida Iguaçu
-25.36028,-54.2486,3.46,2.1,Rua São Sepé/Avenida Iguaçu
-25.36007,-54.24826,3.46,2.1,Rua São Sepé/Avenida Iguaçu
-25.36007,-54.24826,3.46,2.1,Rua São Sepé/Avenida Iguaçu
-25.36001,-54.24815,3.46,2.1,Rua São Sepé/Avenida Iguaçu
-25.36001,-54.24815,3.46,2.1,Rua São Sepé/Avenida Iguaçu
-25.3599,-54.24794,3.46,2.1,Rua São Sepé/Avenida Iguaçu
-25.35972,-54.24764,3.46,2.1,Rua São Sepé/Avenida Iguaçu
-25.4531,-54.41966,2.02,0.0,Rua Paraná/Avenida das Nações
-25.45287,-54.41912,2.02,0.0,Rua Paraná/Avenida das Nações
-25.45287,-54.41912,2.02,0.0,Rua Paraná/Avenida das Nações
-25.4527,-54.4187,2.02,0.0,Rua Paraná/Avenida das Nações
-25.4527,-54.4187,2.02,0.0,Rua Paraná/Avenida das Nações
-25.45258,-54.41841,2.02,0.0,Rua Paraná/Avenida das Nações
-25.45258,-54.41841,2.02,0.0,Rua Paraná/Avenida das Nações
-25.45241,-54.41799,2.02,0.0,Rua Paraná/Avenida das Nações
-25.45241,-54.41799,2.02,0.0,Rua Paraná/Avenida das Nações
-25.45186,-54.41665,2.02,0.0,Rua Paraná/Avenida das Nações
-25.45186,-54.41665,2.02,0.0,Rua Paraná/Avenida das Nações
-25.451,-54.41458,2.02,0.0,Rua Paraná/Avenida das Nações
-25.451,-54.41458,2.02,0.0,Rua Paraná/Avenida das Nações
-25.44995,-54.41219,2.02,0.0,Rua Paraná/Avenida das Nações
-25.44965,-54.41145,2.02,0.0,Rua Paraná/Avenida das Nações
-25.44965,-54.41145,2.02,0.0,Rua Paraná/Avenida das Nações
-25.44938,-54.41076,2.02,0.0,Rua Paraná/Avenida das Nações
-25.44938,-54.41076,2.02,0.0,Rua Paraná/Avenida das Nações
-25.44885,-54.40945,2.02,0.0,Rua Paraná/Avenida das Nações
-25.44885,-54.40945,2.02,0.0,Rua Paraná/Avenida das Nações
-25.44778,-54.40693,2.02,0.0,Rua Paraná/Avenida das Nações
-25.44778,-54.40693,2.02,0.0,Rua Paraná/Avenida das Nações
-25.44757,-54.40642,2.02,0.0,Rua Paraná/Avenida das Nações
-25.44757,-54.40642,2.02,0.0,Rua Paraná/Avenida das Nações
-25.44714,-54.40541,2.02,0.0,Rua Paraná/Avenida das Nações
-25.44714,-54.40541,2.02,0.0,Rua Paraná/Avenida das Nações
-25.44651,-54.40391,2.02,0.0,Rua Paraná/Avenida das Nações
-25.44651,-54.40391,2.02,0.0,Rua Paraná/Avenida das Nações
-25.44641,-54.40368,2.02,0.0,Rua Paraná/Avenida das Nações
-25.44641,-54.40368,2.02,0.0,Rua Paraná/Avenida das Nações
-25.4463,-54.40342,2.02,0.0,Rua Paraná/Avenida das Nações
-25.4463,-54.40342,2.02,0.0,Rua Paraná/Avenida das Nações
-25.44599,-54.40268,2.02,0.0,Rua Paraná/Avenida das Nações
-25.44599,-54.40268,2.02,0.0,Rua Paraná/Avenida das Nações
-25.44563,-54.40183,2.02,0.0,Rua Paraná/Avenida das Nações
-25.44563,-54.40183,2.02,0.0,Rua Paraná/Avenida das Nações
-25.4454,-54.40129,2.02,0.0,Rua Paraná/Avenida das Nações
-25.4454,-54.40129,2.02,0.0,Rua Paraná/Avenida das Nações
-25.44504,-54.40043,2.02,0.0,Rua Paraná/Avenida das Nações
-25.44504,-54.40043,2.02,0.0,Rua Paraná/Avenida das Nações
-25.44499,-54.4003,2.02,0.0,Rua Paraná/Avenida das Nações
-25.44499,-54.4003,2.02,0.0,Rua Paraná/Avenida das Nações
-25.44494,-54.40019,2.02,0.0,Rua Paraná/Avenida das Nações
-25.44494,-54.40019,2.02,0.0,Rua Paraná/Avenida das Nações
-25.44476,-54.39976,2.02,0.0,Rua Paraná/Avenida das Nações
-25.44476,-54.39976,2.02,0.0,Rua Paraná/Avenida das Nações
-25.44461,-54.39941,2.02,0.0,Rua Paraná/Avenida das Nações
-25.44461,-54.39941,2.02,0.0,Rua Paraná/Avenida das Nações
-25.44445,-54.39905,2.02,0.0,Rua Paraná/Avenida das Nações
-25.44445,-54.39905,2.02,0.0,Rua Paraná/Avenida das Nações
-25.4437,-54.39734,2.02,0.0,Rua Paraná/Avenida das Nações
-25.44288,-54.39533,2.02,0.0,Rua Paraná/Avenida das Nações
-25.44288,-54.39533,2.02,0.0,Rua Paraná/Avenida das Nações
-25.44269,-54.39486,2.02,0.0,Rua Paraná/Avenida das Nações
-25.44269,-54.39486,2.5,0.4,Santa Terezinha de Itaipu
-25.44247,-54.39436,2.5,0.4,Santa Terezinha de Itaipu
-25.44247,-54.39436,2.5,0.4,Santa Terezinha de Itaipu
-25.44186,-54.3929,2.5,0.4,Santa Terezinha de Itaipu
-25.4416,-54.39223,2.5,0.4,Santa Terezinha de Itaipu
-25.4416,-54.39223,2.5,0.4,Santa Terezinha de Itaipu
-25.44145,-54.39185,2.5,0.4,Santa Terezinha de Itaipu
-25.44145,-54.39185,2.5,0.4,Santa Terezinha de Itaipu
-25.44111,-54.39106,2.5,0.4,Santa Terezinha de Itaipu
-25.44111,-54.39106,2.5,0.4,Santa Terezinha de Itaipu
-25.4404,-54.38937,2.5,0.4,Santa Terezinha de Itaipu
-25.4404,-54.38937,2.5,0.4,Santa Terezinha de Itaipu
-25.43925,-54.38664,2.5,0.4,Santa Terezinha de Itaipu
-25.43925,-54.38664,2.5,0.4,Santa Terezinha de Itaipu
-25.43915,-54.3864,2.5,0.4,Santa Terezinha de Itaipu
-25.43915,-54.3864,2.5,0.4,Santa Terezinha de Itaipu
-25.439,-54.38605,2.5,0.4,Santa Terezinha de Itaipu
-25.439,-54.38605,2.5,0.4,Santa Terezinha de Itaipu
-25.43872,-54.38539,2.5,0.4,Santa Terezinha de Itaipu
-25.43872,-54.38539,2.5,0.4,Santa Terezinha de Itaipu
-25.43714,-54.38164,2.5,0.4,Santa Terezinha de Itaipu
-25.437,-54.38133,2.5,0.4,Santa Terezinha de Itaipu
-25.437,-54.38133,2.5,0.4,Santa Terezinha de Itaipu
-25.43667,-54.38059,2.5,0.4,Santa Terezinha de Itaipu
-25.43631,-54.37985,2.5,0.4,Santa Terezinha de Itaipu
-25.43631,-54.37985,2.5,0.4,Santa Terezinha de Itaipu
-25.43617,-54.37955,2.5,0.4,Santa Terezinha de Itaipu
-25.43587,-54.37899,2.5,0.4,Santa Terezinha de Itaipu
-25.43577,-54.37912,2.62,0.0,Rua Paraná/Avenida das Nações
-25.43602,-54.37958,2.62,0.0,Rua Paraná/Avenida das Nações
-25.43602,-54.37958,2.62,0.0,Rua Paraná/Avenida das Nações
-25.43619,-54.37992,2.62,0.0,Rua Paraná/Avenida das Nações
-25.43619,-54.37992,2.62,0.0,Rua Paraná/Avenida das Nações
-25.43675,-54.3811,2.62,0.0,Rua Paraná/Avenida das Nações
-25.43688,-54.3814,2.62,0.0,Rua Paraná/Avenida das Nações
-25.43688,-54.3814,2.62,0.0,Rua Paraná/Avenida das Nações
-25.4387,-54.3857,2.62,0.0,Rua Paraná/Avenida das Nações
-25.4387,-54.3857,2.62,0.0,Rua Paraná/Avenida das Nações
-25.43888,-54.38612,2.62,0.0,Rua Paraná/Avenida das Nações
-25.43888,-54.38612,2.62,0.0,Rua Paraná/Avenida das Nações
-25.43902,-54.38645,2.62,0.0,Rua Paraná/Avenida das Nações
-25.43902,-54.38645,2.62,0.0,Rua Paraná/Avenida das Nações
-25.43907,-54.38658,2.62,0.0,Rua Paraná/Avenida das Nações
-25.43907,-54.38658,2.62,0.0,Rua Paraná/Avenida das Nações
-25.44028,-54.38944,2.62,0.0,Rua Paraná/Avenida das Nações
-25.44028,-54.38944,2.62,0.0,Rua Paraná/Avenida das Nações
-25.44078,-54.39063,2.62,0.0,Rua Paraná/Avenida das Nações
-25.44078,-54.39063,2.62,0.0,Rua Paraná/Avenida das Nações
-25.441,-54.39115,2.62,0.0,Rua Paraná/Avenida das Nações
-25.441,-54.39115,2.62,0.0,Rua Paraná/Avenida das Nações
-25.44131,-54.39189,2.62,0.0,Rua Paraná/Avenida das Nações
-25.44131,-54.39189,2.62,0.0,Rua Paraná/Avenida das Nações
-25.44148,-54.39229,2.62,0.0,Rua Paraná/Avenida das Nações
-25.44148,-54.39229,2.62,0.0,Rua Paraná/Avenida das Nações
-25.44268,-54.39512,2.62,0.0,Rua Paraná/Avenida das Nações
-25.44268,-54.39512,2.62,0.0,Rua Paraná/Avenida das Nações
-25.44278,-54.39535,2.62,0.0,Rua Paraná/Avenida das Nações
-25.44278,-54.39535,2.62,0.0,Rua Paraná/Avenida das Nações
-25.44297,-54.39582,2.62,0.0,Rua Paraná/Avenida das Nações
-25.44297,-54.39582,2.62,0.0,Rua Paraná/Avenida das Nações
-25.44362,-54.39738,2.62,0.0,Rua Paraná/Avenida das Nações
-25.44442,-54.39925,2.62,0.0,Rua Paraná/Avenida das Nações
-25.44442,-54.39925,2.08,0.0,Rua Brás Emiliano
-25.4446,-54.39967,2.08,0.0,Rua Brás Emiliano
-25.4446,-54.39967,2.08,0.0,Rua Brás Emiliano
-25.44484,-54.40024,2.08,0.0,Rua Brás Emiliano
-25.44484,-54.40024,2.08,0.0,Rua Brás Emiliano
-25.44489,-54.40036,2.08,0.0,Rua Brás Emiliano
-25.44489,-54.40036,2.08,0.0,Rua Brás Emiliano
-25.44495,-54.4005,2.08,0.0,Rua Brás Emiliano
-25.44495,-54.4005,2.08,0.0,Rua Brás Emiliano
-25.44524,-54.40118,2.08,0.0,Rua Brás Emiliano
-25.44524,-54.40118,2.08,0.0,Rua Brás Emiliano
-25.44536,-54.40147,2.08,0.0,Rua Brás Emiliano
-25.44536,-54.40147,2.08,0.0,Rua Brás Emiliano
-25.44575,-54.40239,2.08,0.0,Rua Brás Emiliano
-25.44575,-54.40239,2.08,0.0,Rua Brás Emiliano
-25.44589,-54.40272,2.08,0.0,Rua Brás Emiliano
-25.44589,-54.40272,2.08,0.0,Rua Brás Emiliano
-25.4462,-54.40346,2.08,0.0,Rua Brás Emiliano
-25.4462,-54.40346,2.08,0.0,Rua Brás Emiliano
-25.44636,-54.40384,2.08,0.0,Rua Brás Emiliano
-25.44636,-54.40384,2.08,0.0,Rua Brás Emiliano
-25.44746,-54.40646,2.08,0.0,Rua Brás Emiliano
-25.44746,-54.40646,2.08,0.0,Rua Brás Emiliano
-25.44776,-54.40717,2.08,0.0,Rua Brás Emiliano
-25.44776,-54.40717,2.08,0.0,Rua Brás Emiliano
-25.44818,-54.40817,2.08,0.0,Rua Brás Emiliano
-25.44818,-54.40817,2.08,0.0,Rua Brás Emiliano
-25.44878,-54.4096,2.08,0.0,Rua Brás Emiliano
-25.44878,-54.4096,2.08,0.0,Rua Brás Emiliano
-25.44987,-54.41223,2.08,0.0,Rua Brás Emiliano
-25.44987,-54.41223,2.08,0.0,Rua Brás Emiliano
-25.45089,-54.41469,2.08,0.0,Rua Brás Emiliano
-25.45089,-54.41469,2.08,0.0,Rua Brás Emiliano
-25.45147,-54.41608,2.08,0.0,Rua Brás Emiliano
-25.45147,-54.41608,2.08,0.0,Rua Brás Emiliano
-25.45176,-54.41677,2.08,0.0,Rua Brás Emiliano
-25.45176,-54.41677,2.08,0.0,Rua Brás Emiliano
-25.45225,-54.41795,2.08,0.0,Rua Brás Emiliano
-25.45225,-54.41795,2.08,0.0,Rua Brás Emiliano
-25.45247,-54.41848,2.08,0.0,Rua Brás Emiliano
-25.45247,-54.41848,2.08,0.0,Rua Brás Emiliano
-25.45277,-54.4192,2.08,0.0,Rua Brás Emiliano
-25.45277,-54.4192,2.08,0.0,Rua Brás Emiliano
-25.45312,-54.42007,2.08,0.0,Rua Brás Emiliano
-25.48621,-54.49979,2.77,3.6,Rua Brás Emiliano
-25.48484,-54.49654,2.77,3.6,Rua Brás Emiliano
-25.48484,-54.49654,2.77,3.6,Rua Brás Emiliano
-25.48462,-54.49601,2.77,3.6,Rua Brás Emiliano
-25.48462,-54.49601,2.77,3.6,Rua Brás Emiliano
-25.48397,-54.49445,2.77,3.6,Rua Brás Emiliano
-25.48397,-54.49445,2.77,3.6,Rua Brás Emiliano
-25.4837,-54.49381,2.77,3.6,Rua Brás Emiliano
-25.4837,-54.49381,2.77,3.6,Rua Brás Emiliano
-25.48256,-54.49106,2.77,3.6,Rua Brás Emiliano
-25.48256,-54.49106,2.77,3.6,Rua Brás Emiliano
-25.48143,-54.48833,2.77,3.6,Rua Brás Emiliano
-25.48143,-54.48833,2.77,3.6,Rua Brás Emiliano
-25.48052,-54.48614,2.77,3.6,Rua Brás Emiliano
-25.48052,-54.48614,2.77,3.6,Rua Brás Emiliano
-25.48044,-54.48595,2.77,3.6,Rua Brás Emiliano
-25.48044,-54.48595,2.77,3.6,Rua Brás Emiliano
-25.47823,-54.48068,2.77,3.6,Rua Brás Emiliano
-25.47726,-54.47832,2.77,3.6,Rua Brás Emiliano
-25.47726,-54.47832,2.77,3.6,Rua Brás Emiliano
-25.47415,-54.47076,2.77,3.6,Rua Brás Emiliano
-25.47415,-54.47076,2.77,3.6,Rua Brás Emiliano
-25.47386,-54.47004,2.77,3.6,Rua Brás Emiliano
-25.47386,-54.47004,2.77,3.6,Rua Brás Emiliano
-25.47358,-54.46937,2.77,3.6,Rua Brás Emiliano
-25.47358,-54.46937,2.77,3.6,Rua Brás Emiliano
-25.47329,-54.46866,2.77,3.6,Rua Brás Emiliano
-25.47329,-54.46866,2.77,3.6,Rua Brás Emiliano
-25.47311,-54.46822,2.77,3.6,Rua Brás Emiliano
-25.47311,-54.46822,2.77,3.6,Rua Brás Emiliano
-25.4728,-54.46744,2.77,3.6,Rua Brás Emiliano
-25.4728,-54.46744,2.77,3.6,Rua Brás Emiliano
-25.47071,-54.46233,2.77,3.6,Rua Brás Emiliano
-25.47071,-54.46233,2.77,3.6,Rua Brás Emiliano
-25.47046,-54.46173,2.77,3.6,Rua Brás Emiliano
-25.47046,-54.46173,2.77,3.6,Rua Brás Emiliano
-25.47031,-54.46136,2.77,3.6,Rua Brás Emiliano
-25.47031,-54.46136,2.77,3.6,Rua Brás Emiliano
-25.47015,-54.46096,2.77,3.6,Rua Brás Emiliano
-25.47015,-54.46096,2.77,3.6,Rua Brás Emiliano
-25.46997,-54.46053,2.77,3.6,Rua Brás Emiliano
-25.46997,-54.46053,2.77,3.6,Rua Brás Emiliano
-25.46932,-54.45894,2.77,3.6,Rua Brás Emiliano
-25.46912,-54.45849,2.77,3.6,Rua Brás Emiliano
-25.46871,-54.45768,2.77,3.6,Rua Brás Emiliano
-25.46871,-54.45768,2.77,3.6,Rua Brás Emiliano
-25.46861,-54.45748,2.77,3.6,Rua Brás Emiliano
-25.46861,-54.45748,2.77,3.6,Rua Brás Emiliano
-25.46852,-54.4573,2.77,3.6,Rua Brás Emiliano
-25.46852,-54.4573,2.77,3.6,Rua Brás Emiliano
-25.46825,-54.45669,2.77,3.6,Rua Brás Emiliano
-25.46825,-54.45669,2.77,3.6,Rua Brás Emiliano
-25.46796,-54.45597,2.77,3.6,Rua Brás Emiliano
-25.46796,-54.45597,2.77,3.6,Rua Brás Emiliano
-25.46754,-54.45496,2.77,3.6,Rua Brás Emiliano
-25.46754,-54.45496,2.77,3.6,Rua Brás Emiliano
-25.46745,-54.45475,2.77,3.6,Rua Brás Emiliano
-25.46745,-54.45475,2.77,3.6,Rua Brás Emiliano
-25.46735,-54.45451,2.77,3.6,Rua Brás Emiliano
-25.46735,-54.45451,2.77,3.6,Rua Brás Emiliano
-25.46691,-54.45344,2.77,3.6,Rua Brás Emiliano
-25.46691,-54.45344,2.77,3.6,Rua Brás Emiliano
-25.46665,-54.45281,2.77,3.6,Rua Brás Emiliano
-25.46665,-54.45281,2.77,3.6,Rua Brás Emiliano
-25.46653,-54.45251,2.77,3.6,Rua Brás Emiliano
-25.46653,-54.45251,2.77,3.6,Rua Brás Emiliano
-25.46633,-54.45204,2.77,3.6,Rua Brás Emiliano
-25.46633,-54.45204,2.77,3.6,Rua Brás Emiliano
-25.466,-54.45123,2.77,3.6,Rua Brás Emiliano
-25.466,-54.45123,2.77,3.6,Rua Brás Emiliano
-25.46556,-54.45019,2.77,3.6,Rua Brás Emiliano
-25.46556,-54.45019,2.77,3.6,Rua Brás Emiliano
-25.46515,-54.44919,2.77,3.6,Rua Brás Emiliano
-25.46515,-54.44919,2.77,3.6,Rua Brás Emiliano
-25.46484,-54.44844,2.77,3.6,Rua Brás Emiliano
-25.46484,-54.44844,2.77,3.6,Rua Brás Emiliano
-25.46446,-54.44754,2.77,3.6,Rua Brás Emiliano
-25.46446,-54.44754,2.77,3.6,Rua Brás Emiliano
-25.4644,-54.44737,2.77,3.6,Rua Brás Emiliano
-25.46421,-54.44693,2.77,3.6,Rua Brás Emiliano
-25.46421,-54.44693,2.77,3.6,Rua Brás Emiliano
-25.4641,-54.44664,2.77,3.6,Rua Brás Emiliano
-25.4641,-54.44664,2.77,3.6,Rua Brás Emiliano
-25.46397,-54.44627,2.77,3.6,Rua Brás Emiliano
-25.46358,-54.44505,2.77,3.6,Rua Brás Emiliano
-25.4623,-54.44194,2.77,3.6,Rua Brás Emiliano
-25.4623,-54.44194,2.77,3.6,Rua Brás Emiliano
-25.46134,-54.43964,2.77,3.6,Rua Brás Emiliano
-25.46108,-54.43899,2.77,3.6,Rua Brás Emiliano
-25.46108,-54.43899,2.77,3.6,Rua Brás Emiliano
-25.461,-54.43878,2.77,3.6,Rua Brás Emiliano
-25.461,-54.43878,2.77,3.6,Rua Brás Emiliano
-25.4609,-54.43853,2.77,3.6,Rua Brás Emiliano
-25.4609,-54.43853,2.77,3.6,Rua Brás Emiliano
-25.45872,-54.43327,2.77,3.6,Rua Brás Emiliano
-25.45872,-54.43327,2.77,3.6,Rua Brás Emiliano
-25.45814,-54.43186,2.77,3.6,Rua Brás Emiliano
-25.45814,-54.43186,2.77,3.6,Rua Brás Emiliano
-25.4579,-54.43128,2.77,3.6,Rua Brás Emiliano
-25.4579,-54.43128,2.77,3.6,Rua Brás Emiliano
-25.45775,-54.43092,2.77,3.6,Rua Brás Emiliano
-25.45775,-54.43092,2.77,3.6,Rua Brás Emiliano
-25.45745,-54.43018,2.77,3.6,Rua Brás Emiliano
-25.45745,-54.43018,2.77,3.6,Rua Brás Emiliano
-25.45737,-54.42999,2.77,3.6,Rua Brás Emiliano
-25.45737,-54.42999,2.77,3.6,Rua Brás Emiliano
-25.45717,-54.4295,2.77,3.6,Rua Brás Emiliano
-25.45717,-54.4295,2.77,3.6,Rua Brás Emiliano
-25.4561,-54.42693,2.77,3.6,Rua Brás Emiliano
-25.4561,-54.42693,2.77,3.6,Rua Brás Emiliano
-25.45566,-54.42586,2.77,3.6,Rua Brás Emiliano
-25.45566,-54.42586,2.77,3.6,Rua Brás Emiliano
-25.45508,-54.42445,2.77,3.6,Rua Brás Emiliano
-25.45508,-54.42445,2.77,3.6,Rua Brás Emiliano
-25.45486,-54.42393,2.77,3.6,Rua Brás Emiliano
-25.45486,-54.42393,2.77,3.6,Rua Brás Emiliano
-25.45469,-54.42351,2.77,3.6,Rua Brás Emiliano
-25.45469,-54.42351,2.77,3.6,Rua Brás Emiliano
-25.45431,-54.4226,2.77,3.6,Rua Brás Emiliano
-25.45431,-54.4226,2.77,3.6,Rua Brás Emiliano
-25.45407,-54.42201,2.77,3.6,Rua Brás Emiliano
-25.45407,-54.42201,2.77,3.6,Rua Brás Emiliano
-25.45385,-54.42148,2.77,3.6,Rua Brás Emiliano
-25.45385,-54.42148,2.77,3.6,Rua Brás Emiliano
-25.45369,-54.4211,2.77,3.6,Rua Brás Emiliano
-25.45369,-54.4211,2.77,3.6,Rua Brás Emiliano
-25.4531,-54.41966,2.77,3.6,Rua Brás Emiliano
-25.48907,-54.50662,4.29,0.0,Rua Maria Ignez Maran/Avenida Nilson Gottlieb
-25.48796,-54.50397,4.29,0.0,Rua Maria Ignez Maran/Avenida Nilson Gottlieb
-25.48796,-54.50397,4.29,0.0,Rua Maria Ignez Maran/Avenida Nilson Gottlieb
-25.48754,-54.50297,4.29,0.0,Rua Maria Ignez Maran/Avenida Nilson Gottlieb
-25.48754,-54.50297,4.29,0.0,Rua Maria Ignez Maran/Avenida Nilson Gottlieb
-25.48685,-54.50134,4.29,0.0,Rua Maria Ignez Maran/Avenida Nilson Gottlieb
-25.48621,-54.49979,4.29,0.0,Rua Maria Ignez Maran/Avenida Nilson Gottlieb
-25.48604,-54.49975,3.03,0.2,Avenida Nilson Gottlieb
-25.48674,-54.50141,3.03,0.2,Avenida Nilson Gottlieb
-25.48674,-54.50141,3.03,0.2,Avenida Nilson Gottlieb
-25.48741,-54.50302,3.03,0.2,Avenida Nilson Gottlieb
-25.48741,-54.50302,3.03,0.2,Avenida Nilson Gottlieb
-25.48764,-54.50357,3.03,0.2,Avenida Nilson Gottlieb
-25.48764,-54.50357,3.03,0.2,Avenida Nilson Gottlieb
-25.48786,-54.5041,3.03,0.2,Avenida Nilson Gottlieb
-25.48786,-54.5041,3.03,0.2,Avenida Nilson Gottlieb
-25.48893,-54.50665,3.03,0.2,Avenida Nilson Gottlieb
-25.45312,-54.42007,3.68,3.3,Rua Maria Ignez Maran/Avenida Nilson Gottlieb
-25.45338,-54.42069,3.68,3.3,Rua Maria Ignez Maran/Avenida Nilson Gottlieb
-25.45338,-54.42069,3.68,3.3,Rua Maria Ignez Maran/Avenida Nilson Gottlieb
-25.45358,-54.42115,3.68,3.3,Rua Maria Ignez Maran/Avenida Nilson Gottlieb
-25.45358,-54.42115,3.68,3.3,Rua Maria Ignez Maran/Avenida Nilson Gottlieb
-25.45395,-54.42204,3.68,3.3,Rua Maria Ignez Maran/Avenida Nilson Gottlieb
-25.45395,-54.42204,3.68,3.3,Rua Maria Ignez Maran/Avenida Nilson Gottlieb
-25.45415,-54.42252,3.68,3.3,Rua Maria Ignez Maran/Avenida Nilson Gottlieb
-25.45415,-54.42252,3.68,3.3,Rua Maria Ignez Maran/Avenida Nilson Gottlieb
-25.45496,-54.4245,3.68,3.3,Rua Maria Ignez Maran/Avenida Nilson Gottlieb
-25.45496,-54.4245,3.68,3.3,Rua Maria Ignez Maran/Avenida Nilson Gottlieb
-25.4555,-54.42579,3.68,3.3,Rua Maria Ignez Maran/Avenida Nilson Gottlieb
-25.4555,-54.42579,3.68,3.3,Rua Maria Ignez Maran/Avenida Nilson Gottlieb
-25.456,-54.42702,3.68,3.3,Rua Maria Ignez Maran/Avenida Nilson Gottlieb
-25.456,-54.42702,3.68,3.3,Rua Maria Ignez Maran/Avenida Nilson Gottlieb
-25.45725,-54.43006,3.68,3.3,Rua Maria Ignez Maran/Avenida Nilson Gottlieb
-25.45725,-54.43006,3.68,3.3,Rua Maria Ignez Maran/Avenida Nilson Gottlieb
-25.45778,-54.43133,3.68,3.3,Rua Maria Ignez Maran/Avenida Nilson Gottlieb
-25.45778,-54.43133,3.68,3.3,Rua Maria Ignez Maran/Avenida Nilson Gottlieb
-25.45797,-54.43178,3.68,3.3,Rua Maria Ignez Maran/Avenida Nilson Gottlieb
-25.45797,-54.43178,3.68,3.3,Rua Maria Ignez Maran/Avenida Nilson Gottlieb
-25.45861,-54.43334,3.68,3.3,Rua Maria Ignez Maran/Avenida Nilson Gottlieb
-25.45861,-54.43334,3.68,3.3,Rua Maria Ignez Maran/Avenida Nilson Gottlieb
-25.4606,-54.43817,3.68,3.3,Rua Maria Ignez Maran/Avenida Nilson Gottlieb
-25.4606,-54.43817,3.68,3.3,Rua Maria Ignez Maran/Avenida Nilson Gottlieb
-25.46094,-54.43899,3.68,3.3,Rua Maria Ignez Maran/Avenida Nilson Gottlieb
-25.46094,-54.43899,3.68,3.3,Rua Maria Ignez Maran/Avenida Nilson Gottlieb
-25.46122,-54.43967,3.68,3.3,Rua Maria Ignez Maran/Avenida Nilson Gottlieb
-25.46122,-54.43967,3.68,3.3,Rua Maria Ignez Maran/Avenida Nilson Gottlieb
-25.46219,-54.44201,3.68,3.3,Rua Maria Ignez Maran/Avenida Nilson Gottlieb
-25.46219,-54.44201,3.68,3.3,Rua Maria Ignez Maran/Avenida Nilson Gottlieb
-25.46341,-54.44497,3.68,3.3,Rua Maria Ignez Maran/Avenida Nilson Gottlieb
-25.46359,-54.44548,3.68,3.3,Rua Maria Ignez Maran/Avenida Nilson Gottlieb
-25.46387,-54.44638,3.68,3.3,Rua Maria Ignez Maran/Avenida Nilson Gottlieb
-25.46419,-54.44721,3.68,3.3,Rua Maria Ignez Maran/Avenida Nilson Gottlieb
-25.46419,-54.44721,3.68,3.3,Rua Maria Ignez Maran/Avenida Nilson Gottlieb
-25.46428,-54.44743,3.68,3.3,Rua Maria Ignez Maran/Avenida Nilson Gottlieb
-25.46428,-54.44743,3.68,3.3,Rua Maria Ignez Maran/Avenida Nilson Gottlieb
-25.46472,-54.44848,3.68,3.3,Rua Maria Ignez Maran/Avenida Nilson Gottlieb
-25.46472,-54.44848,3.68,3.3,Rua Maria Ignez Maran/Avenida Nilson Gottlieb
-25.46503,-54.44923,3.68,3.3,Rua Maria Ignez Maran/Avenida Nilson Gottlieb
-25.46503,-54.44923,3.68,3.3,Rua Maria Ignez Maran/Avenida Nilson Gottlieb
-25.46545,-54.45024,3.68,3.3,Rua Maria Ignez Maran/Avenida Nilson Gottlieb
-25.46545,-54.45024,3.68,3.3,Rua Maria Ignez Maran/Avenida Nilson Gottlieb
-25.46588,-54.45129,3.68,3.3,Rua Maria Ignez Maran/Avenida Nilson Gottlieb
-25.46588,-54.45129,3.68,3.3,Rua Maria Ignez Maran/Avenida Nilson Gottlieb
-25.46622,-54.4521,3.68,3.3,Rua Maria Ignez Maran/Avenida Nilson Gottlieb
-25.46622,-54.4521,3.68,3.3,Rua Maria Ignez Maran/Avenida Nilson Gottlieb
-25.46652,-54.45284,3.68,3.3,Rua Maria Ignez Maran/Avenida Nilson Gottlieb
-25.46652,-54.45284,3.68,3.3,Rua Maria Ignez Maran/Avenida Nilson Gottlieb
-25.46786,-54.45607,3.68,3.3,Rua Maria Ignez Maran/Avenida Nilson Gottlieb
-25.46786,-54.45607,3.68,3.3,Rua Maria Ignez Maran/Avenida Nilson Gottlieb
-25.46799,-54.4564,3.68,3.3,Rua Maria Ignez Maran/Avenida Nilson Gottlieb
-25.46841,-54.45737,3.68,3.3,Rua Maria Ignez Maran/Avenida Nilson Gottlieb
-25.46841,-54.45737,3.68,3.3,Rua Maria Ignez Maran/Avenida Nilson Gottlieb
-25.46849,-54.45755,3.68,3.3,Rua Maria Ignez Maran/Avenida Nilson Gottlieb
-25.46849,-54.45755,3.68,3.3,Rua Maria Ignez Maran/Avenida Nilson Gottlieb
-25.4686,-54.45776,3.68,3.3,Rua Maria Ignez Maran/Avenida Nilson Gottlieb
-25.4686,-54.45776,3.68,3.3,Rua Maria Ignez Maran/Avenida Nilson Gottlieb
-25.46919,-54.45896,3.68,3.3,Rua Maria Ignez Maran/Avenida Nilson Gottlieb
-25.4727,-54.46753,3.68,3.3,Rua Maria Ignez Maran/Avenida Nilson Gottlieb
-25.4727,-54.46753,3.68,3.3,Rua Maria Ignez Maran/Avenida Nilson Gottlieb
-25.47291,-54.46804,3.68,3.3,Rua Maria Ignez Maran/Avenida Nilson Gottlieb
-25.47291,-54.46804,3.68,3.3,Rua Maria Ignez Maran/Avenida Nilson Gottlieb
-25.47303,-54.46835,3.68,3.3,Rua Maria Ignez Maran/Avenida Nilson Gottlieb
-25.47303,-54.46835,3.68,3.3,Rua Maria Ignez Maran/Avenida Nilson Gottlieb
-25.47318,-54.46873,3.68,3.3,Rua Maria Ignez Maran/Avenida Nilson Gottlieb
-25.47318,-54.46873,3.68,3.3,Rua Maria Ignez Maran/Avenida Nilson Gottlieb
-25.47331,-54.46903,3.68,3.3,Rua Maria Ignez Maran/Avenida Nilson Gottlieb
-25.47331,-54.46903,3.68,3.3,Rua Maria Ignez Maran/Avenida Nilson Gottlieb
-25.47374,-54.47006,3.68,3.3,Rua Maria Ignez Maran/Avenida Nilson Gottlieb
-25.47374,-54.47006,3.68,3.3,Rua Maria Ignez Maran/Avenida Nilson Gottlieb
-25.47398,-54.47068,3.68,3.3,Rua Maria Ignez Maran/Avenida Nilson Gottlieb
-25.47398,-54.47068,3.68,3.3,Rua Maria Ignez Maran/Avenida Nilson Gottlieb
-25.47714,-54.47837,3.68,3.3,Rua Maria Ignez Maran/Avenida Nilson Gottlieb
-25.47714,-54.47837,3.68,3.3,Rua Maria Ignez Maran/Avenida Nilson Gottlieb
-25.47848,-54.48157,3.68,3.3,Rua Maria Ignez Maran/Avenida Nilson Gottlieb
-25.47969,-54.48451,3.68,3.3,Rua Maria Ignez Maran/Avenida Nilson Gottlieb
-25.48032,-54.486,3.68,3.3,Rua Maria Ignez Maran/Avenida Nilson Gottlieb
-25.48032,-54.486,3.68,3.3,Rua Maria Ignez Maran/Avenida Nilson Gottlieb
-25.48038,-54.48615,3.68,3.3,Rua Maria Ignez Maran/Avenida Nilson Gottlieb
-25.48038,-54.48615,3.68,3.3,Rua Maria Ignez Maran/Avenida Nilson Gottlieb
-25.48358,-54.49384,3.68,3.3,Rua Maria Ignez Maran/Avenida Nilson Gottlieb
-25.48358,-54.49384,3.68,3.3,Rua Maria Ignez Maran/Avenida Nilson Gottlieb
-25.48383,-54.49445,3.68,3.3,Rua Maria Ignez Maran/Avenida Nilson Gottlieb
-25.48383,-54.49445,3.68,3.3,Rua Maria Ignez Maran/Avenida Nilson Gottlieb
-25.48466,-54.49644,3.68,3.3,Rua Maria Ignez Maran/Avenida Nilson Gottlieb
-25.48466,-54.49644,3.68,3.3,Rua Maria Ignez Maran/Avenida Nilson Gottlieb
-25.48471,-54.49655,3.68,3.3,Rua Maria Ignez Maran/Avenida Nilson Gottlieb
-25.48471,-54.49655,3.68,3.3,Rua Maria Ignez Maran/Avenida Nilson Gottlieb
-25.48484,-54.49687,3.68,3.3,Rua Maria Ignez Maran/Avenida Nilson Gottlieb
-25.48484,-54.49687,3.68,3.3,Rua Maria Ignez Maran/Avenida Nilson Gottlieb
-25.48565,-54.49881,3.68,3.3,Rua Maria Ignez Maran/Avenida Nilson Gottlieb
-25.48565,-54.49881,3.68,3.3,Rua Maria Ignez Maran/Avenida Nilson Gottlieb
-25.48604,-54.49975,3.68,3.3,Rua Maria Ignez Maran/Avenida Nilson Gottlieb
-25.49107,-54.51141,2.1,0.0,Avenida Nilson Gottlieb
-25.49089,-54.51098,2.1,0.0,Avenida Nilson Gottlieb
-25.49089,-54.51098,2.1,0.0,Avenida Nilson Gottlieb
-25.49064,-54.51039,2.1,0.0,Avenida Nilson Gottlieb
-25.49064,-54.51039,2.1,0.0,Avenida Nilson Gottlieb
-25.48995,-54.50875,2.1,0.0,Avenida Nilson Gottlieb
-25.48995,-54.50875,2.1,0.0,Avenida Nilson Gottlieb
-25.48967,-54.50806,2.1,0.0,Avenida Nilson Gottlieb
-25.48967,-54.50806,2.1,0.0,Avenida Nilson Gottlieb
-25.48907,-54.50662,2.1,0.0,Avenida Nilson Gottlieb
-25.49681,-54.52505,1.76,0.0,Avenida Nilson Gottlieb/Rua Silvano Gutierrez
-25.49643,-54.52417,1.76,0.0,Avenida Nilson Gottlieb/Rua Silvano Gutierrez
-25.49643,-54.52417,1.76,0.0,Avenida Nilson Gottlieb/Rua Silvano Gutierrez
-25.49614,-54.52348,1.76,0.0,Avenida Nilson Gottlieb/Rua Silvano Gutierrez
-25.49614,-54.52348,1.76,0.0,Avenida Nilson Gottlieb/Rua Silvano Gutierrez
-25.49576,-54.52257,1.76,0.0,Avenida Nilson Gottlieb/Rua Silvano Gutierrez
-25.49576,-54.52257,1.76,0.0,Avenida Nilson Gottlieb/Rua Silvano Gutierrez
-25.49556,-54.52211,1.76,0.0,Avenida Nilson Gottlieb/Rua Silvano Gutierrez
-25.49556,-54.52211,1.76,0.0,Avenida Nilson Gottlieb/Rua Silvano Gutierrez
-25.49473,-54.52013,1.76,0.0,Avenida Nilson Gottlieb/Rua Silvano Gutierrez
-25.49473,-54.52013,1.76,0.0,Avenida Nilson Gottlieb/Rua Silvano Gutierrez
-25.49463,-54.51989,1.76,0.0,Avenida Nilson Gottlieb/Rua Silvano Gutierrez
-25.49463,-54.51989,1.76,0.0,Avenida Nilson Gottlieb/Rua Silvano Gutierrez
-25.49449,-54.51955,1.76,0.0,Avenida Nilson Gottlieb/Rua Silvano Gutierrez
-25.49449,-54.51955,1.76,0.0,Avenida Nilson Gottlieb/Rua Silvano Gutierrez
-25.49398,-54.51835,1.76,0.0,Avenida Nilson Gottlieb/Rua Silvano Gutierrez
-25.49398,-54.51835,1.76,0.0,Avenida Nilson Gottlieb/Rua Silvano Gutierrez
-25.49375,-54.51778,1.76,0.0,Avenida Nilson Gottlieb/Rua Silvano Gutierrez
-25.49375,-54.51778,1.76,0.0,Avenida Nilson Gottlieb/Rua Silvano Gutierrez
-25.49366,-54.51757,1.76,0.0,Avenida Nilson Gottlieb/Rua Silvano Gutierrez
-25.49366,-54.51757,1.76,0.0,Avenida Nilson Gottlieb/Rua Silvano Gutierrez
-25.49358,-54.51738,1.76,0.0,Avenida Nilson Gottlieb/Rua Silvano Gutierrez
-25.49358,-54.51738,1.76,0.0,Avenida Nilson Gottlieb/Rua Silvano Gutierrez
-25.49336,-54.51686,1.76,0.0,Avenida Nilson Gottlieb/Rua Silvano Gutierrez
-25.49336,-54.51686,1.76,0.0,Avenida Nilson Gottlieb/Rua Silvano Gutierrez
-25.492,-54.51363,1.76,0.0,Avenida Nilson Gottlieb/Rua Silvano Gutierrez
-25.492,-54.51363,1.76,0.0,Avenida Nilson Gottlieb/Rua Silvano Gutierrez
-25.49168,-54.51289,1.76,0.0,Avenida Nilson Gottlieb/Rua Silvano Gutierrez
-25.49168,-54.51289,1.76,0.0,Avenida Nilson Gottlieb/Rua Silvano Gutierrez
-25.49139,-54.51218,1.76,0.0,Avenida Nilson Gottlieb/Rua Silvano Gutierrez
-25.49139,-54.51218,1.76,0.0,Avenida Nilson Gottlieb/Rua Silvano Gutierrez
-25.49116,-54.51163,1.76,0.0,Avenida Nilson Gottlieb/Rua Silvano Gutierrez
-25.49116,-54.51163,1.76,0.0,Avenida Nilson Gottlieb/Rua Silvano Gutierrez
-25.49107,-54.51141,1.76,0.0,Avenida Nilson Gottlieb/Rua Silvano Gutierrez
-25.50062,-54.53387,1.95,2.3,Avenida Doutor Luiz Passos
-25.50033,-54.53319,1.95,2.3,Avenida Doutor Luiz Passos
-25.50033,-54.53319,1.95,2.3,Avenida Doutor Luiz Passos
-25.50018,-54.53286,1.95,2.3,Avenida Doutor Luiz Passos
-25.50018,-54.53286,1.95,2.3,Avenida Doutor Luiz Passos
-25.49996,-54.53234,1.95,2.3,Avenida Doutor Luiz Passos
-25.49996,-54.53234,1.95,2.3,Avenida Doutor Luiz Passos
-25.49941,-54.53109,1.95,2.3,Avenida Doutor Luiz Passos
-25.49941,-54.53109,1.95,2.3,Avenida Doutor Luiz Passos
-25.49901,-54.53016,1.95,2.3,Avenida Doutor Luiz Passos
-25.49901,-54.53016,1.95,2.3,Avenida Doutor Luiz Passos
-25.49873,-54.52949,1.95,2.3,Avenida Doutor Luiz Passos
-25.49873,-54.52949,1.95,2.3,Avenida Doutor Luiz Passos
-25.4985,-54.52896,1.95,2.3,Avenida Doutor Luiz Passos
-25.4985,-54.52896,1.95,2.3,Avenida Doutor Luiz Passos
-25.49798,-54.52776,1.95,2.3,Avenida Doutor Luiz Passos
-25.49798,-54.52776,1.95,2.3,Avenida Doutor Luiz Passos
-25.49776,-54.52724,1.95,2.3,Avenida Doutor Luiz Passos
-25.49776,-54.52724,1.95,2.3,Avenida Doutor Luiz Passos
-25.49681,-54.52505,1.95,2.3,Avenida Doutor Luiz Passos
-25.49669,-54.5251,1.77,1.7,Avenida Olímpio Rafagnin/Avenida Nacional
-25.49691,-54.52564,1.77,1.7,Avenida Olímpio Rafagnin/Avenida Nacional
-25.49691,-54.52564,1.77,1.7,Avenida Olímpio Rafagnin/Avenida Nacional
-25.49779,-54.52768,1.77,1.7,Avenida Olímpio Rafagnin/Avenida Nacional
-25.49779,-54.52768,1.77,1.7,Avenida Olímpio Rafagnin/Avenida Nacional
-25.49801,-54.52817,1.77,1.7,Avenida Olímpio Rafagnin/Avenida Nacional
-25.49801,-54.52817,1.77,1.7,Avenida Olímpio Rafagnin/Avenida Nacional
-25.49838,-54.52902,1.77,1.7,Avenida Olímpio Rafagnin/Avenida Nacional
-25.49838,-54.52902,1.77,1.7,Avenida Olímpio Rafagnin/Avenida Nacional
-25.49861,-54.52955,1.77,1.7,Avenida Olímpio Rafagnin/Avenida Nacional
-25.49861,-54.52955,1.77,1.7,Avenida Olímpio Rafagnin/Avenida Nacional
-25.49883,-54.53006,1.77,1.7,Avenida Olímpio Rafagnin/Avenida Nacional
-25.49883,-54.53006,1.77,1.7,Avenida Olímpio Rafagnin/Avenida Nacional
-25.49926,-54.53104,1.77,1.7,Avenida Olímpio Rafagnin/Avenida Nacional
-25.49926,-54.53104,1.77,1.7,Avenida Olímpio Rafagnin/Avenida Nacional
-25.49955,-54.53172,1.77,1.7,Avenida Olímpio Rafagnin/Avenida Nacional
-25.49955,-54.53172,1.77,1.7,Avenida Olímpio Rafagnin/Avenida Nacional
-25.50006,-54.5329,1.77,1.7,Avenida Olímpio Rafagnin/Avenida Nacional
-25.50006,-54.5329,1.77,1.7,Avenida Olímpio Rafagnin/Avenida Nacional
-25.50023,-54.53329,1.77,1.7,Avenida Olímpio Rafagnin/Avenida Nacional
-25.50023,-54.53329,1.77,1.7,Avenida Olímpio Rafagnin/Avenida Nacional
-25.5005,-54.53392,1.77,1.7,Avenida Olímpio Rafagnin/Avenida Nacional
-25.49094,-54.51144,1.58,0.0,Avenida Doutor Luiz Passos
-25.49115,-54.51194,1.58,0.0,Avenida Doutor Luiz Passos
-25.49115,-54.51194,1.58,0.0,Avenida Doutor Luiz Passos
-25.49127,-54.51224,1.58,0.0,Avenida Doutor Luiz Passos
-25.49127,-54.51224,1.58,0.0,Avenida Doutor Luiz Passos
-25.49155,-54.51289,1.58,0.0,Avenida Doutor Luiz Passos
-25.49155,-54.51289,1.58,0.0,Avenida Doutor Luiz Passos
-25.49189,-54.51369,1.58,0.0,Avenida Doutor Luiz Passos
-25.49189,-54.51369,1.58,0.0,Avenida Doutor Luiz Passos
-25.49222,-54.51449,1.58,0.0,Avenida Doutor Luiz Passos
-25.49222,-54.51449,1.58,0.0,Avenida Doutor Luiz Passos
-25.4927,-54.51565,1.58,0.0,Avenida Doutor Luiz Passos
-25.4927,-54.51565,1.58,0.0,Avenida Doutor Luiz Passos
-25.49315,-54.51673,1.58,0.0,Avenida Doutor Luiz Passos
-25.49315,-54.51673,1.58,0.0,Avenida Doutor Luiz Passos
-25.49336,-54.51721,1.58,0.0,Avenida Doutor Luiz Passos
-25.49336,-54.51721,1.58,0.0,Avenida Doutor Luiz Passos
-25.49364,-54.51786,1.58,0.0,Avenida Doutor Luiz Passos
-25.49364,-54.51786,1.58,0.0,Avenida Doutor Luiz Passos
-25.49373,-54.51808,1.58,0.0,Avenida Doutor Luiz Passos
-25.49373,-54.51808,1.58,0.0,Avenida Doutor Luiz Passos
-25.49385,-54.51838,1.58,0.0,Avenida Doutor Luiz Passos
-25.49385,-54.51838,1.58,0.0,Avenida Doutor Luiz Passos
-25.49438,-54.51964,1.58,0.0,Avenida Doutor Luiz Passos
-25.49438,-54.51964,1.58,0.0,Avenida Doutor Luiz Passos
-25.49452,-54.51997,1.58,0.0,Avenida Doutor Luiz Passos
-25.49452,-54.51997,1.58,0.0,Avenida Doutor Luiz Passos
-25.49507,-54.52128,1.58,0.0,Avenida Doutor Luiz Passos
-25.49507,-54.52128,1.58,0.0,Avenida Doutor Luiz Passos
-25.49517,-54.52152,1.58,0.0,Avenida Doutor Luiz Passos
-25.49517,-54.52152,1.58,0.0,Avenida Doutor Luiz Passos
-25.49542,-54.52211,1.58,0.0,Avenida Doutor Luiz Passos
-25.49542,-54.52211,1.58,0.0,Avenida Doutor Luiz Passos
-25.49602,-54.52352,1.58,0.0,Avenida Doutor Luiz Passos
-25.49602,-54.52352,1.58,0.0,Avenida Doutor Luiz Passos
-25.4963,-54.52419,1.58,0.0,Avenida Doutor Luiz Passos
-25.4963,-54.52419,1.58,0.0,Avenida Doutor Luiz Passos
-25.49669,-54.5251,1.58,0.0,Avenida Doutor Luiz Passos
-25.48893,-54.50665,2.11,0.4,Avenida Nilson Gottlieb/Rua Silvano Gutierrez
-25.48917,-54.50721,2.11,0.4,Avenida Nilson Gottlieb/Rua Silvano Gutierrez
-25.48917,-54.50721,2.11,0.4,Avenida Nilson Gottlieb/Rua Silvano Gutierrez
-25.48951,-54.50802,2.11,0.4,Avenida Nilson Gottlieb/Rua Silvano Gutierrez
-25.48951,-54.50802,2.11,0.4,Avenida Nilson Gottlieb/Rua Silvano Gutierrez
-25.48983,-54.5088,2.11,0.4,Avenida Nilson Gottlieb/Rua Silvano Gutierrez
-25.48983,-54.5088,2.11,0.4,Avenida Nilson Gottlieb/Rua Silvano Gutierrez
-25.49046,-54.51031,2.11,0.4,Avenida Nilson Gottlieb/Rua Silvano Gutierrez
-25.49046,-54.51031,2.11,0.4,Avenida Nilson Gottlieb/Rua Silvano Gutierrez
-25.49094,-54.51144,2.11,0.4,Avenida Nilson Gottlieb/Rua Silvano Gutierrez
-25.55226,-54.57071,0.87,1.9,Avenida Dos Imigrantes
-25.55277,-54.56995,0.87,1.9,Avenida Dos Imigrantes
-25.55277,-54.56995,0.87,1.9,Avenida Dos Imigrantes
-25.55303,-54.56956,0.87,1.9,Avenida Dos Imigrantes
-25.55303,-54.56956,0.87,1.9,Avenida Dos Imigrantes
-25.55331,-54.56913,0.87,1.9,Avenida Dos Imigrantes
-25.55331,-54.56913,0.87,1.9,Avenida Dos Imigrantes
-25.55385,-54.56832,0.87,1.9,Avenida Dos Imigrantes
-25.55385,-54.56832,0.87,1.9,Avenida Dos Imigrantes
-25.55439,-54.56751,0.87,1.9,Avenida Dos Imigrantes
-25.55439,-54.56751,0.87,1.9,Avenida Dos Imigrantes
-25.55443,-54.56744,0.87,1.9,Avenida Dos Imigrantes
-25.55443,-54.56744,0.87,1.9,Avenida Dos Imigrantes
-25.55481,-54.56688,0.87,1.9,Avenida Dos Imigrantes
-25.55481,-54.56688,0.87,1.9,Avenida Dos Imigrantes
-25.55493,-54.5667,0.87,1.9,Avenida Dos Imigrantes
-25.55493,-54.5667,0.87,1.9,Avenida Dos Imigrantes
-25.55544,-54.56593,0.87,1.9,Avenida Dos Imigrantes
-25.55544,-54.56593,0.87,1.9,Avenida Dos Imigrantes
-25.55563,-54.56564,0.87,1.9,Avenida Dos Imigrantes
-25.55563,-54.56564,0.87,1.9,Avenida Dos Imigrantes
-25.55567,-54.56558,0.87,1.9,Avenida Dos Imigrantes
-25.55567,-54.56558,0.87,1.9,Avenida Dos Imigrantes
-25.55584,-54.56533,0.87,1.9,Avenida Dos Imigrantes
-25.55584,-54.56533,0.87,1.9,Avenida Dos Imigrantes
-25.556,-54.5651,0.87,1.9,Avenida Dos Imigrantes
-25.556,-54.5651,0.87,1.9,Avenida Dos Imigrantes
-25.55624,-54.5648,0.87,1.9,Avenida Dos Imigrantes
-25.55624,-54.5648,0.87,1.9,Avenida Dos Imigrantes
-25.55644,-54.56459,0.87,1.9,Avenida Dos Imigrantes
-25.55673,-54.56433,0.87,1.9,Avenida Dos Imigrantes
-25.55673,-54.56433,0.87,1.9,Avenida Dos Imigrantes
-25.55694,-54.56418,0.87,1.9,Avenida Dos Imigrantes
-25.55694,-54.56418,0.87,1.9,Avenida Dos Imigrantes
-25.55736,-54.56394,0.87,1.9,Avenida Dos Imigrantes
-25.55736,-54.56394,0.87,1.9,Avenida Dos Imigrantes
-25.55751,-54.56385,0.87,1.9,Avenida Dos Imigrantes
-25.55751,-54.56385,0.87,1.9,Avenida Dos Imigrantes
-25.55792,-54.56358,0.87,1.9,Avenida Dos Imigrantes
-25.55792,-54.56358,0.87,1.9,Avenida Dos Imigrantes
-25.55798,-54.56354,0.87,1.9,Avenida Dos Imigrantes
-25.55798,-54.56354,0.87,1.9,Avenida Dos Imigrantes
-25.55825,-54.56336,0.87,1.9,Avenida Dos Imigrantes
-25.55825,-54.56336,0.87,1.9,Avenida Dos Imigrantes
-25.55854,-54.56315,0.87,1.9,Avenida Dos Imigrantes
-25.55854,-54.56315,0.87,1.9,Avenida Dos Imigrantes
-25.55875,-54.56302,0.87,1.9,Avenida Dos Imigrantes
-25.55875,-54.56302,0.87,1.9,Avenida Dos Imigrantes
-25.55912,-54.56277,0.87,1.9,Avenida Dos Imigrantes
-25.55912,-54.56277,0.87,1.9,Avenida Dos Imigrantes
-25.55941,-54.56258,0.87,1.9,Avenida Dos Imigrantes
-25.55941,-54.56258,0.87,1.9,Avenida Dos Imigrantes
-25.55962,-54.56244,0.87,1.9,Avenida Dos Imigrantes
-25.55962,-54.56244,0.87,1.9,Avenida Dos Imigrantes
-25.55987,-54.56228,0.87,1.9,Avenida Dos Imigrantes
-25.55987,-54.56228,0.87,1.9,Avenida Dos Imigrantes
-25.5602,-54.56206,0.87,1.9,Avenida Dos Imigrantes
-25.5602,-54.56206,0.87,1.9,Avenida Dos Imigrantes
-25.56077,-54.56169,0.87,1.9,Avenida Dos Imigrantes
-25.56077,-54.56169,0.87,1.9,Avenida Dos Imigrantes
-25.56083,-54.56165,0.87,1.9,Avenida Dos Imigrantes
-25.56083,-54.56165,0.87,1.9,Avenida Dos Imigrantes
-25.56094,-54.56158,0.87,1.9,Avenida Dos Imigrantes
-25.56094,-54.56158,0.87,1.9,Avenida Dos Imigrantes
-25.56112,-54.56146,0.87,1.9,Avenida Dos Imigrantes
-25.56112,-54.56146,0.87,1.9,Avenida Dos Imigrantes
-25.56146,-54.56122,0.87,1.9,Avenida Dos Imigrantes
-25.56146,-54.56122,0.87,1.9,Avenida Dos Imigrantes
-25.56179,-54.56099,0.87,1.9,Avenida Dos Imigrantes
-25.56179,-54.56099,0.87,1.9,Avenida Dos Imigrantes
-25.56186,-54.56094,0.87,1.9,Avenida Dos Imigrantes
-25.56186,-54.56094,0.87,1.9,Avenida Dos Imigrantes
-25.56281,-54.56032,0.87,1.9,Avenida Dos Imigrantes
-25.56281,-54.56032,0.87,1.9,Avenida Dos Imigrantes
-25.56303,-54.56017,0.87,1.9,Avenida Dos Imigrantes
-25.56303,-54.56017,0.87,1.9,Avenida Dos Imigrantes
-25.56352,-54.55985,0.87,1.9,Avenida Dos Imigrantes
-25.56304,-54.56006,0.87,2.2,Avenida Iguaçu
-25.56278,-54.56023,0.87,2.2,Avenida Iguaçu
-25.56278,-54.56023,0.87,2.2,Avenida Iguaçu
-25.56183,-54.56085,0.87,2.2,Avenida Iguaçu
-25.56183,-54.56085,0.87,2.2,Avenida Iguaçu
-25.56171,-54.56093,0.87,2.2,Avenida Iguaçu
-25.56171,-54.56093,0.87,2.2,Avenida Iguaçu
-25.56145,-54.5611,0.87,2.2,Avenida Iguaçu
-25.56145,-54.5611,0.87,2.2,Avenida Iguaçu
-25.56106,-54.56136,0.87,2.2,Avenida Iguaçu
-25.56106,-54.56136,0.87,2.2,Avenida Iguaçu
-25.56098,-54.56141,0.87,2.2,Avenida Iguaçu
-25.56098,-54.56141,0.87,2.2,Avenida Iguaçu
-25.56087,-54.56148,0.87,2.2,Avenida Iguaçu
-25.56087,-54.56148,0.87,2.2,Avenida Iguaçu
-25.56079,-54.56153,0.87,2.2,Avenida Iguaçu
-25.56079,-54.56153,0.87,2.2,Avenida Iguaçu
-25.5607,-54.56159,0.87,2.2,Avenida Iguaçu
-25.5607,-54.56159,0.87,2.2,Avenida Iguaçu
-25.56019,-54.56192,0.87,2.2,Avenida Iguaçu
-25.56019,-54.56192,0.87,2.2,Avenida Iguaçu
-25.55993,-54.56209,0.87,2.2,Avenida Iguaçu
-25.55993,-54.56209,0.87,2.2,Avenida Iguaçu
-25.55974,-54.56222,0.87,2.2,Avenida Iguaçu
-25.55974,-54.56222,0.87,2.2,Avenida Iguaçu
-25.55957,-54.56233,0.87,2.2,Avenida Iguaçu
-25.55957,-54.56233,0.87,2.2,Avenida Iguaçu
-25.55901,-54.5627,0.87,2.2,Avenida Iguaçu
-25.55901,-54.5627,0.87,2.2,Avenida Iguaçu
-25.55863,-54.56295,0.87,2.2,Avenida Iguaçu
-25.55863,-54.56295,0.87,2.2,Avenida Iguaçu
-25.5583,-54.56317,0.87,2.2,Avenida Iguaçu
-25.5583,-54.56317,0.87,2.2,Avenida Iguaçu
-25.55794,-54.56341,0.87,2.2,Avenida Iguaçu
-25.55794,-54.56341,0.87,2.2,Avenida Iguaçu
-25.55781,-54.56349,0.87,2.2,Avenida Iguaçu
-25.55781,-54.56349,0.87,2.2,Avenida Iguaçu
-25.55742,-54.56374,0.87,2.2,Avenida Iguaçu
-25.55742,-54.56374,0.87,2.2,Avenida Iguaçu
-25.55692,-54.56408,0.87,2.2,Avenida Iguaçu
-25.55692,-54.56408,0.87,2.2,Avenida Iguaçu
-25.55666,-54.56427,0.87,2.2,Avenida Iguaçu
-25.55666,-54.56427,0.87,2.2,Avenida Iguaçu
-25.55638,-54.56452,0.87,2.2,Avenida Iguaçu
-25.55612,-54.5648,0.87,2.2,Avenida Iguaçu
-25.55593,-54.56504,0.87,2.2,Avenida Iguaçu
-25.55593,-54.56504,0.87,2.2,Avenida Iguaçu
-25.55559,-54.56553,0.87,2.2,Avenida Iguaçu
-25.55559,-54.56553,0.87,2.2,Avenida Iguaçu
-25.55555,-54.56559,0.87,2.2,Avenida Iguaçu
-25.55555,-54.56559,0.87,2.2,Avenida Iguaçu
-25.55536,-54.56588,0.87,2.2,Avenida Iguaçu
-25.55536,-54.56588,0.87,2.2,Avenida Iguaçu
-25.55486,-54.56664,0.87,2.2,Avenida Iguaçu
-25.55486,-54.56664,0.87,2.2,Avenida Iguaçu
-25.55474,-54.56682,0.87,2.2,Avenida Iguaçu
-25.55474,-54.56682,0.87,2.2,Avenida Iguaçu
-25.55436,-54.56738,0.87,2.2,Avenida Iguaçu
-25.55436,-54.56738,0.87,2.2,Avenida Iguaçu
-25.55432,-54.56744,0.87,2.2,Avenida Iguaçu
-25.55432,-54.56744,0.87,2.2,Avenida Iguaçu
-25.55378,-54.56826,0.87,2.2,Avenida Iguaçu
-25.55378,-54.56826,0.87,2.2,Avenida Iguaçu
-25.55326,-54.56903,0.87,2.2,Avenida Iguaçu
-25.55326,-54.56903,0.87,2.2,Avenida Iguaçu
-25.55324,-54.56906,0.87,2.2,Avenida Iguaçu
-25.55324,-54.56906,0.87,2.2,Avenida Iguaçu
-25.55309,-54.56929,0.87,2.2,Avenida Iguaçu
-25.55309,-54.56929,0.87,2.2,Avenida Iguaçu
-25.55295,-54.56949,0.87,2.2,Avenida Iguaçu
-25.55295,-54.56949,0.87,2.2,Avenida Iguaçu
-25.5527,-54.56987,0.87,2.2,Avenida Iguaçu
-25.5527,-54.56987,0.87,2.2,Avenida Iguaçu
-25.55218,-54.57065,0.87,2.2,Avenida Iguaçu
-25.55218,-54.57065,0.87,2.2,Avenida Iguaçu
-25.55211,-54.57075,0.87,2.2,Avenida Iguaçu
-25.57713,-54.55471,0.76,0.0,Avenida Das Cataratas
-25.57689,-54.5543,0.76,0.0,Avenida Das Cataratas
-25.57689,-54.5543,0.76,0.0,Avenida Das Cataratas
-25.57677,-54.5541,0.76,0.0,Avenida Das Cataratas
-25.57677,-54.5541,0.76,0.0,Avenida Das Cataratas
-25.57655,-54.55374,0.76,0.0,Avenida Das Cataratas
-25.57655,-54.55374,0.76,0.0,Avenida Das Cataratas
-25.57644,-54.55353,0.76,0.0,Avenida Das Cataratas
-25.57644,-54.55353,0.76,0.0,Avenida Das Cataratas
-25.57614,-54.55303,0.76,0.0,Avenida Das Cataratas
-25.57614,-54.55303,0.76,0.0,Avenida Das Cataratas
-25.57596,-54.55277,0.76,0.0,Avenida Das Cataratas
-25.57566,-54.55241,0.76,0.0,Avenida Das Cataratas
-25.5754,-54.55213,0.76,0.0,Avenida Das Cataratas
-25.5754,-54.55213,0.76,0.0,Avenida Das Cataratas
-25.57519,-54.55194,0.76,0.0,Avenida Das Cataratas
-25.57501,-54.5518,0.76,0.0,Avenida Das Cataratas
-25.57473,-54.55161,0.76,0.0,Avenida Das Cataratas
-25.57473,-54.55161,0.76,0.0,Avenida Das Cataratas
-25.57391,-54.55114,0.76,0.0,Avenida Das Cataratas
-25.57391,-54.55114,0.76,0.0,Avenida Das Cataratas
-25.57371,-54.55095,0.76,0.0,Avenida Das Cataratas
-25.57363,-54.55082,0.76,0.0,Avenida Das Cataratas
-25.57359,-54.55071,0.76,0.0,Avenida Das Cataratas
-25.57357,-54.5506,0.76,0.0,Avenida Das Cataratas
-25.57357,-54.55049,0.76,0.0,Avenida Das Cataratas
-25.5736,-54.55037,0.76,0.0,Avenida Das Cataratas
-25.57365,-54.55027,0.76,0.0,Avenida Das Cataratas
-25.57372,-54.55018,0.76,0.0,Avenida Das Cataratas
-25.57379,-54.55012,0.76,0.0,Avenida Das Cataratas
-25.57386,-54.55009,0.76,0.0,Avenida Das Cataratas
-25.57386,-54.55009,0.76,0.0,Avenida Das Cataratas
-25.57396,-54.55005,0.76,0.0,Avenida Das Cataratas
-25.57408,-54.55004,0.76,0.0,Avenida Das Cataratas
-25.57422,-54.55007,0.76,0.0,Avenida Das Cataratas
-25.57433,-54.55014,0.76,0.0,Avenida Das Cataratas
-25.57433,-54.55014,0.76,0.0,Avenida Das Cataratas
-25.57441,-54.55022,0.76,0.0,Avenida Das Cataratas
-25.57448,-54.55032,0.76,0.0,Avenida Das Cataratas
-25.57453,-54.55045,0.76,0.0,Avenida Das Cataratas
-25.57454,-54.55059,0.76,0.0,Avenida Das Cataratas
-25.57454,-54.55059,0.76,0.0,Avenida Das Cataratas
-25.57451,-54.55094,0.76,0.0,Avenida Das Cataratas
-25.57451,-54.55094,0.76,0.0,Avenida Das Cataratas
-25.57438,-54.5512,0.76,0.0,Avenida Das Cataratas
-25.57438,-54.5512,0.76,0.0,Avenida Das Cataratas
-25.5742,-54.55156,0.76,0.0,Avenida Das Cataratas
-25.5742,-54.55156,0.76,0.0,Avenida Das Cataratas
-25.57408,-54.55183,0.76,0.0,Avenida Das Cataratas
-25.57408,-54.55183,0.76,0.0,Avenida Das Cataratas
-25.57395,-54.55213,0.76,0.0,Avenida Das Cataratas
-25.57378,-54.55246,0.76,0.0,Avenida Das Cataratas
-25.57378,-54.55246,0.76,0.0,Avenida Das Cataratas
-25.57364,-54.5527,0.76,0.0,Avenida Das Cataratas
-25.57349,-54.55292,0.76,0.0,Avenida Das Cataratas
-25.57337,-54.55307,0.76,0.0,Avenida Das Cataratas
-25.5731,-54.55336,0.76,0.0,Avenida Das Cataratas
-25.57735,-54.55509,0.9,0.0,Avenida Morenitas
-25.57713,-54.55471,0.9,0.0,Avenida Morenitas
-25.57606,-54.55306,0.67,0.0,Avenida Morenitas
-25.57635,-54.55356,0.67,0.0,Avenida Morenitas
-25.57635,-54.55356,0.67,0.0,Avenida Morenitas
-25.57647,-54.55378,0.67,0.0,Avenida Morenitas
-25.57647,-54.55378,0.67,0.0,Avenida Morenitas
-25.5765,-54.55383,0.67,0.0,Avenida Morenitas
-25.5765,-54.55383,0.67,0.0,Avenida Morenitas
-25.57659,-54.554,0.67,0.0,Avenida Morenitas
-25.57659,-54.554,0.67,0.0,Avenida Morenitas
-25.57672,-54.55424,0.67,0.0,Avenida Morenitas
-25.57672,-54.55424,0.67,0.0,Avenida Morenitas
-25.5768,-54.55438,0.67,0.0,Avenida Morenitas
-25.5768,-54.55438,0.67,0.0,Avenida Morenitas
-25.57719,-54.55506,0.67,0.0,Avenida Morenitas
-25.56352,-54.55985,0.76,0.0,Avenida Das Cataratas
-25.56377,-54.55969,0.76,0.0,Avenida Das Cataratas
-25.56377,-54.55969,0.76,0.0,Avenida Das Cataratas
-25.56455,-54.55921,0.76,0.0,Avenida Das Cataratas
-25.56455,-54.55921,0.76,0.0,Avenida Das Cataratas
-25.56482,-54.55904,0.76,0.0,Avenida Das Cataratas
-25.56482,-54.55904,0.76,0.0,Avenida Das Cataratas
-25.56507,-54.55887,0.76,0.0,Avenida Das Cataratas
-25.56507,-54.55887,0.76,0.0,Avenida Das Cataratas
-25.56561,-54.55852,0.76,0.0,Avenida Das Cataratas
-25.56561,-54.55852,0.76,0.0,Avenida Das Cataratas
-25.56603,-54.55824,0.76,0.0,Avenida Das Cataratas
-25.56603,-54.55824,0.76,0.0,Avenida Das Cataratas
-25.56615,-54.55816,0.76,0.0,Avenida Das Cataratas
-25.56615,-54.55816,0.76,0.0,Avenida Das Cataratas
-25.5663,-54.55806,0.76,0.0,Avenida Das Cataratas
-25.5663,-54.55806,0.76,0.0,Avenida Das Cataratas
-25.56639,-54.558,0.76,0.0,Avenida Das Cataratas
-25.56639,-54.558,0.76,0.0,Avenida Das Cataratas
-25.56686,-54.55769,0.76,0.0,Avenida Das Cataratas
-25.56686,-54.55769,0.76,0.0,Avenida Das Cataratas
-25.56708,-54.55755,0.76,0.0,Avenida Das Cataratas
-25.56708,-54.55755,0.76,0.0,Avenida Das Cataratas
-25.56728,-54.55742,0.76,0.0,Avenida Das Cataratas
-25.56728,-54.55742,0.76,0.0,Avenida Das Cataratas
-25.56746,-54.5573,0.76,0.0,Avenida Das Cataratas
-25.56746,-54.5573,0.76,0.0,Avenida Das Cataratas
-25.56771,-54.55714,0.76,0.0,Avenida Das Cataratas
-25.56771,-54.55714,0.76,0.0,Avenida Das Cataratas
-25.56786,-54.55705,0.76,0.0,Avenida Das Cataratas
-25.56786,-54.55705,0.76,0.0,Avenida Das Cataratas
-25.56817,-54.55685,0.76,0.0,Avenida Das Cataratas
-25.56817,-54.55685,0.76,0.0,Avenida Das Cataratas
-25.56844,-54.55668,0.76,0.0,Avenida Das Cataratas
-25.56844,-54.55668,0.76,0.0,Avenida Das Cataratas
-25.56878,-54.55645,0.76,0.0,Avenida Das Cataratas
-25.56878,-54.55645,0.76,0.0,Avenida Das Cataratas
-25.56905,-54.55627,0.76,0.0,Avenida Das Cataratas
-25.56905,-54.55627,0.76,0.0,Avenida Das Cataratas
-25.56947,-54.55602,0.76,0.0,Avenida Das Cataratas
-25.56947,-54.55602,0.76,0.0,Avenida Das Cataratas
-25.56955,-54.55602,0.76,0.0,Avenida Das Cataratas
-25.56955,-54.55602,0.76,0.0,Avenida Das Cataratas
-25.56961,-54.55596,0.76,0.0,Avenida Das Cataratas
-25.56961,-54.55596,0.76,0.0,Avenida Das Cataratas
-25.56962,-54.55593,0.76,0.0,Avenida Das Cataratas
-25.56962,-54.55593,0.76,0.0,Avenida Das Cataratas
-25.56984,-54.55574,0.76,0.0,Avenida Das Cataratas
-25.57032,-54.5554,0.76,0.0,Avenida Das Cataratas
-25.57032,-54.5554,0.76,0.0,Avenida Das Cataratas
-25.57056,-54.55524,0.76,0.0,Avenida Das Cataratas
-25.57056,-54.55524,0.76,0.0,Avenida Das Cataratas
-25.57082,-54.55507,0.76,0.0,Avenida Das Cataratas
-25.57082,-54.55507,0.76,0.0,Avenida Das Cataratas
-25.57103,-54.55492,0.76,0.0,Avenida Das Cataratas
-25.57103,-54.55492,0.76,0.0,Avenida Das Cataratas
-25.57177,-54.55443,0.76,0.0,Avenida Das Cataratas
-25.57177,-54.55443,0.76,0.0,Avenida Das Cataratas
-25.57204,-54.55425,0.76,0.0,Avenida Das Cataratas
-25.57204,-54.55425,0.76,0.0,Avenida Das Cataratas
-25.57239,-54.55402,0.76,0.0,Avenida Das Cataratas
-25.57239,-54.55402,0.76,0.0,Avenida Das Cataratas
-25.5726,-54.55389,0.76,0.0,Avenida Das Cataratas
-25.5726,-54.55389,0.76,0.0,Avenida Das Cataratas
-25.57283,-54.55371,0.76,0.0,Avenida Das Cataratas
-25.57292,-54.55366,0.76,0.0,Avenida Das Cataratas
-25.57292,-54.55366,0.76,0.0,Avenida Das Cataratas
-25.57315,-54.55354,0.76,0.0,Avenida Das Cataratas
-25.57379,-54.55306,0.76,0.0,Avenida Das Cataratas
-25.5739,-54.553,0.76,0.0,Avenida Das Cataratas
-25.57402,-54.55296,0.76,0.0,Avenida Das Cataratas
-25.57413,-54.55296,0.76,0.0,Avenida Das Cataratas
-25.57425,-54.55298,0.76,0.0,Avenida Das Cataratas
-25.57454,-54.55307,0.76,0.0,Avenida Das Cataratas
-25.57463,-54.55309,0.76,0.0,Avenida Das Cataratas
-25.57472,-54.55309,0.76,0.0,Avenida Das Cataratas
-25.57482,-54.55306,0.76,0.0,Avenida Das Cataratas
-25.57526,-54.55287,0.76,0.0,Avenida Das Cataratas
-25.57539,-54.55283,0.76,0.0,Avenida Das Cataratas
-25.5755,-54.55282,0.76,0.0,Avenida Das Cataratas
-25.57562,-54.55283,0.76,0.0,Avenida Das Cataratas
-25.57573,-54.55286,0.76,0.0,Avenida Das Cataratas
-25.57585,-54.55292,0.76,0.0,Avenida Das Cataratas
-25.57606,-54.55306,0.76,0.0,Avenida Das Cataratas
-25.5731,-54.55336,0.92,0.4,Avenida Dos Imigrantes
-25.57285,-54.55358,0.92,0.4,Avenida Dos Imigrantes
-25.57285,-54.55358,0.92,0.4,Avenida Dos Imigrantes
-25.5724,-54.55392,0.92,0.4,Avenida Dos Imigrantes
-25.5724,-54.55392,0.92,0.4,Avenida Dos Imigrantes
-25.57177,-54.55433,0.92,0.4,Avenida Dos Imigrantes
-25.57177,-54.55433,0.92,0.4,Avenida Dos Imigrantes
-25.57082,-54.55496,0.92,0.4,Avenida Dos Imigrantes
-25.57082,-54.55496,0.92,0.4,Avenida Dos Imigrantes
-25.5705,-54.55516,0.92,0.4,Avenida Dos Imigrantes
-25.5705,-54.55516,0.92,0.4,Avenida Dos Imigrantes
-25.57044,-54.5552,0.92,0.4,Avenida Dos Imigrantes
-25.57044,-54.5552,0.92,0.4,Avenida Dos Imigrantes
-25.57027,-54.55531,0.92,0.4,Avenida Dos Imigrantes
-25.57027,-54.55531,0.92,0.4,Avenida Dos Imigrantes
-25.56989,-54.55557,0.92,0.4,Avenida Dos Imigrantes
-25.5698,-54.55562,0.92,0.4,Avenida Dos Imigrantes
-25.56974,-54.55565,0.92,0.4,Avenida Dos Imigrantes
-25.56954,-54.55571,0.92,0.4,Avenida Dos Imigrantes
-25.56954,-54.55571,0.92,0.4,Avenida Dos Imigrantes
-25.56951,-54.5557,0.92,0.4,Avenida Dos Imigrantes
-25.56943,-54.55571,0.92,0.4,Avenida Dos Imigrantes
-25.56937,-54.55577,0.92,0.4,Avenida Dos Imigrantes
-25.56935,-54.55585,0.92,0.4,Avenida Dos Imigrantes
-25.56935,-54.55585,0.92,0.4,Avenida Dos Imigrantes
-25.56925,-54.55597,0.92,0.4,Avenida Dos Imigrantes
-25.56907,-54.55611,0.92,0.4,Avenida Dos Imigrantes
-25.56907,-54.55611,0.92,0.4,Avenida Dos Imigrantes
-25.56856,-54.55644,0.92,0.4,Avenida Dos Imigrantes
-25.56856,-54.55644,0.92,0.4,Avenida Dos Imigrantes
-25.56815,-54.55671,0.92,0.4,Avenida Dos Imigrantes
-25.56815,-54.55671,0.92,0.4,Avenida Dos Imigrantes
-25.56792,-54.55686,0.92,0.4,Avenida Dos Imigrantes
-25.56792,-54.55686,0.92,0.4,Avenida Dos Imigrantes
-25.5676,-54.55707,0.92,0.4,Avenida Dos Imigrantes
-25.5676,-54.55707,0.92,0.4,Avenida Dos Imigrantes
-25.56742,-54.55719,0.92,0.4,Avenida Dos Imigrantes
-25.56742,-54.55719,0.92,0.4,Avenida Dos Imigrantes
-25.56728,-54.55728,0.92,0.4,Avenida Dos Imigrantes
-25.56728,-54.55728,0.92,0.4,Avenida Dos Imigrantes
-25.56702,-54.55745,0.92,0.4,Avenida Dos Imigrantes
-25.56702,-54.55745,0.92,0.4,Avenida Dos Imigrantes
-25.56659,-54.55773,0.92,0.4,Avenida Dos Imigrantes
-25.56659,-54.55773,0.92,0.4,Avenida Dos Imigrantes
-25.56635,-54.55788,0.92,0.4,Avenida Dos Imigrantes
-25.56635,-54.55788,0.92,0.4,Avenida Dos Imigrantes
-25.56581,-54.55824,0.92,0.4,Avenida Dos Imigrantes
-25.56581,-54.55824,0.92,0.4,Avenida Dos Imigrantes
-25.56548,-54.55846,0.92,0.4,Avenida Dos Imigrantes
-25.56548,-54.55846,0.92,0.4,Avenida Dos Imigrantes
-25.56511,-54.5587,0.92,0.4,Avenida Dos Imigrantes
-25.56511,-54.5587,0.92,0.4,Avenida Dos Imigrantes
-25.56474,-54.55894,0.92,0.4,Avenida Dos Imigrantes
-25.56474,-54.55894,0.92,0.4,Avenida Dos Imigrantes
-25.5636,-54.55969,0.92,0.4,Avenida Dos Imigrantes
-25.5636,-54.55969,0.92,0.4,Avenida Dos Imigrantes
-25.56304,-54.56006,0.92,0.4,Avenida Dos Imigrantes
-25.50255,-54.53832,1.97,0.0,Avenida Olímpio Rafagnin/Avenida Nacional
-25.50219,-54.53748,1.97,0.0,Avenida Olímpio Rafagnin/Avenida Nacional
-25.50219,-54.53748,1.97,0.0,Avenida Olímpio Rafagnin/Avenida Nacional
-25.50166,-54.53626,1.97,0.0,Avenida Olímpio Rafagnin/Avenida Nacional
-25.50166,-54.53626,1.97,0.0,Avenida Olímpio Rafagnin/Avenida Nacional
-25.50113,-54.53504,1.97,0.0,Avenida Olímpio Rafagnin/Avenida Nacional
-25.50113,-54.53504,1.97,0.0,Avenida Olímpio Rafagnin/Avenida Nacional
-25.5008,-54.53429,1.97,0.0,Avenida Olímpio Rafagnin/Avenida Nacional
-25.5008,-54.53429,1.97,0.0,Avenida Olímpio Rafagnin/Avenida Nacional
-25.50062,-54.53387,1.97,0.0,Avenida Olímpio Rafagnin/Avenida Nacional
-25.50858,-54.54645,1.24,0.0,Avenida Olímpio Rafagnin
-25.50828,-54.54609,1.24,0.0,Avenida Olímpio Rafagnin
-25.50828,-54.54609,1.24,0.0,Avenida Olímpio Rafagnin
-25.50805,-54.54584,1.24,0.0,Avenida Olímpio Rafagnin
-25.50805,-54.54584,1.24,0.0,Avenida Olímpio Rafagnin
-25.50792,-54.54569,1.24,0.0,Avenida Olímpio Rafagnin
-25.50792,-54.54569,1.24,0.0,Avenida Olímpio Rafagnin
-25.50667,-54.54426,1.24,0.0,Avenida Olímpio Rafagnin
-25.50667,-54.54426,1.24,0.0,Avenida Olímpio Rafagnin
-25.50613,-54.54364,1.24,0.0,Avenida Olímpio Rafagnin
-25.50613,-54.54364,1.24,0.0,Avenida Olímpio Rafagnin
-25.50531,-54.5427,1.24,0.0,Avenida Olímpio Rafagnin
-25.50531,-54.5427,1.24,0.0,Avenida Olímpio Rafagnin
-25.50497,-54.54231,1.24,0.0,Avenida Olímpio Rafagnin
-25.50478,-54.54207,1.24,0.0,Avenida Olímpio Rafagnin
-25.50422,-54.54132,1.24,0.0,Avenida Olímpio Rafagnin
-25.50422,-54.54132,1.24,0.0,Avenida Olímpio Rafagnin
-25.50402,-54.54103,1.24,0.0,Avenida Olímpio Rafagnin
-25.50402,-54.54103,1.24,0.0,Avenida Olímpio Rafagnin
-25.50398,-54.54097,1.24,0.0,Avenida Olímpio Rafagnin
-25.50398,-54.54097,1.24,0.0,Avenida Olímpio Rafagnin
-25.50392,-54.54088,1.24,0.0,Avenida Olímpio Rafagnin
-25.50392,-54.54088,1.24,0.0,Avenida Olímpio Rafagnin
-25.50386,-54.54079,1.24,0.0,Avenida Olímpio Rafagnin
-25.50386,-54.54079,1.24,0.0,Avenida Olímpio Rafagnin
-25.50369,-54.54051,1.24,0.0,Avenida Olímpio Rafagnin
-25.50369,-54.54051,1.24,0.0,Avenida Olímpio Rafagnin
-25.50352,-54.54024,1.24,0.0,Avenida Olímpio Rafagnin
-25.50333,-54.5399,1.24,0.0,Avenida Olímpio Rafagnin
-25.50333,-54.5399,1.24,0.0,Avenida Olímpio Rafagnin
-25.50306,-54.53939,1.24,0.0,Avenida Olímpio Rafagnin
-25.50273,-54.53872,1.24,0.0,Avenida Olímpio Rafagnin
-25.50273,-54.53872,1.24,0.0,Avenida Olímpio Rafagnin
-25.50255,-54.53832,1.24,0.0,Avenida Olímpio Rafagnin
-25.5024,-54.53832,1.47,1.0,Rua Sérgio Gasparetto/Avenida Olímpio Rafagnin
-25.50284,-54.53925,1.47,1.0,Rua Sérgio Gasparetto/Avenida Olímpio Rafagnin
-25.50284,-54.53925,1.47,1.0,Rua Sérgio Gasparetto/Avenida Olímpio Rafagnin
-25.5031,-54.53977,1.47,1.0,Rua Sérgio Gasparetto/Avenida Olímpio Rafagnin
-25.5031,-54.53977,1.47,1.0,Rua Sérgio Gasparetto/Avenida Olímpio Rafagnin
-25.5036,-54.54062,1.47,1.0,Rua Sérgio Gasparetto/Avenida Olímpio Rafagnin
-25.5036,-54.54062,1.47,1.0,Rua Sérgio Gasparetto/Avenida Olímpio Rafagnin
-25.50376,-54.54086,1.47,1.0,Rua Sérgio Gasparetto/Avenida Olímpio Rafagnin
-25.50376,-54.54086,1.47,1.0,Rua Sérgio Gasparetto/Avenida Olímpio Rafagnin
-25.50382,-54.54095,1.47,1.0,Rua Sérgio Gasparetto/Avenida Olímpio Rafagnin
-25.50382,-54.54095,1.47,1.0,Rua Sérgio Gasparetto/Avenida Olímpio Rafagnin
-25.50389,-54.54106,1.47,1.0,Rua Sérgio Gasparetto/Avenida Olímpio Rafagnin
-25.50389,-54.54106,1.47,1.0,Rua Sérgio Gasparetto/Avenida Olímpio Rafagnin
-25.50428,-54.54162,1.47,1.0,Rua Sérgio Gasparetto/Avenida Olímpio Rafagnin
-25.50487,-54.54239,1.47,1.0,Rua Sérgio Gasparetto/Avenida Olímpio Rafagnin
-25.50487,-54.54239,1.47,1.0,Rua Sérgio Gasparetto/Avenida Olímpio Rafagnin
-25.50548,-54.5431,1.47,1.0,Rua Sérgio Gasparetto/Avenida Olímpio Rafagnin
-25.50548,-54.5431,1.47,1.0,Rua Sérgio Gasparetto/Avenida Olímpio Rafagnin
-25.50608,-54.54378,1.47,1.0,Rua Sérgio Gasparetto/Avenida Olímpio Rafagnin
-25.50608,-54.54378,1.47,1.0,Rua Sérgio Gasparetto/Avenida Olímpio Rafagnin
-25.50639,-54.54414,1.47,1.0,Rua Sérgio Gasparetto/Avenida Olímpio Rafagnin
-25.50639,-54.54414,1.47,1.0,Rua Sérgio Gasparetto/Avenida Olímpio Rafagnin
-25.5066,-54.54438,1.47,1.0,Rua Sérgio Gasparetto/Avenida Olímpio Rafagnin
-25.5066,-54.54438,1.47,1.0,Rua Sérgio Gasparetto/Avenida Olímpio Rafagnin
-25.50737,-54.54526,1.47,1.0,Rua Sérgio Gasparetto/Avenida Olímpio Rafagnin
-25.50737,-54.54526,1.47,1.0,Rua Sérgio Gasparetto/Avenida Olímpio Rafagnin
-25.50797,-54.54595,1.47,1.0,Rua Sérgio Gasparetto/Avenida Olímpio Rafagnin
-25.50797,-54.54595,1.47,1.0,Rua Sérgio Gasparetto/Avenida Olímpio Rafagnin
-25.50847,-54.54652,1.47,1.0,Rua Sérgio Gasparetto/Avenida Olímpio Rafagnin
-25.5005,-54.53392,1.39,2.3,Avenida Olímpio Rafagnin
-25.50081,-54.53464,1.39,2.3,Avenida Olímpio Rafagnin
-25.50081,-54.53464,1.39,2.3,Avenida Olímpio Rafagnin
-25.501,-54.53508,1.39,2.3,Avenida Olímpio Rafagnin
-25.501,-54.53508,1.39,2.3,Avenida Olímpio Rafagnin
-25.50128,-54.53573,1.39,2.3,Avenida Olímpio Rafagnin
-25.50128,-54.53573,1.39,2.3,Avenida Olímpio Rafagnin
-25.50155,-54.53634,1.39,2.3,Avenida Olímpio Rafagnin
-25.50155,-54.53634,1.39,2.3,Avenida Olímpio Rafagnin
-25.50205,-54.5375,1.39,2.3,Avenida Olímpio Rafagnin
-25.50205,-54.5375,1.39,2.3,Avenida Olímpio Rafagnin
-25.50218,-54.53781,1.39,2.3,Avenida Olímpio Rafagnin
-25.50218,-54.53781,1.39,2.3,Avenida Olímpio Rafagnin
-25.5024,-54.53832,1.39,2.3,Avenida Olímpio Rafagnin
-25.50996,-54.57062,1.6,0.0,Avenida Garibaldi/Rua Edgard Schimmelpfeng
-25.50998,-54.57003,1.6,0.0,Avenida Garibaldi/Rua Edgard Schimmelpfeng
-25.50998,-54.57003,1.6,0.0,Avenida Garibaldi/Rua Edgard Schimmelpfeng
-25.51011,-54.56736,1.6,0.0,Avenida Garibaldi/Rua Edgard Schimmelpfeng
-25.51011,-54.56736,1.6,0.0,Avenida Garibaldi/Rua Edgard Schimmelpfeng
-25.51019,-54.5657,1.6,0.0,Avenida Garibaldi/Rua Edgard Schimmelpfeng
-25.51019,-54.5657,1.6,0.0,Avenida Garibaldi/Rua Edgard Schimmelpfeng
-25.51024,-54.56461,1.6,0.0,Avenida Garibaldi/Rua Edgard Schimmelpfeng
-25.51024,-54.56461,1.6,0.0,Avenida Garibaldi/Rua Edgard Schimmelpfeng
-25.51026,-54.5643,1.6,0.0,Avenida Garibaldi/Rua Edgard Schimmelpfeng
-25.51026,-54.5643,1.6,0.0,Avenida Garibaldi/Rua Edgard Schimmelpfeng
-25.5103,-54.56331,1.6,0.0,Avenida Garibaldi/Rua Edgard Schimmelpfeng
-25.5103,-54.56331,1.6,0.0,Avenida Garibaldi/Rua Edgard Schimmelpfeng
-25.51031,-54.56309,1.6,0.0,Avenida Garibaldi/Rua Edgard Schimmelpfeng
-25.51031,-54.56309,1.6,0.0,Avenida Garibaldi/Rua Edgard Schimmelpfeng
-25.51036,-54.56204,1.6,0.0,Avenida Garibaldi/Rua Edgard Schimmelpfeng
-25.51036,-54.56204,1.6,0.0,Avenida Garibaldi/Rua Edgard Schimmelpfeng
-25.51043,-54.56066,1.6,0.0,Avenida Garibaldi/Rua Edgard Schimmelpfeng
-25.51046,-54.56033,1.6,0.0,Avenida Garibaldi/Rua Edgard Schimmelpfeng
-25.51046,-54.56033,1.6,0.0,Avenida Garibaldi/Rua Edgard Schimmelpfeng
-25.5105,-54.56014,1.6,0.0,Avenida Garibaldi/Rua Edgard Schimmelpfeng
-25.51069,-54.55968,1.6,0.0,Avenida Garibaldi/Rua Edgard Schimmelpfeng
-25.51072,-54.55958,1.6,0.0,Avenida Garibaldi/Rua Edgard Schimmelpfeng
-25.51073,-54.55947,1.6,0.0,Avenida Garibaldi/Rua Edgard Schimmelpfeng
-25.51073,-54.55947,1.6,0.0,Avenida Garibaldi/Rua Edgard Schimmelpfeng
-25.51073,-54.55937,1.6,0.0,Avenida Garibaldi/Rua Edgard Schimmelpfeng
-25.51073,-54.55937,1.6,0.0,Avenida Garibaldi/Rua Edgard Schimmelpfeng
-25.51074,-54.55908,1.6,0.0,Avenida Garibaldi/Rua Edgard Schimmelpfeng
-25.51074,-54.55908,1.6,0.0,Avenida Garibaldi/Rua Edgard Schimmelpfeng
-25.51076,-54.55863,1.6,0.0,Avenida Garibaldi/Rua Edgard Schimmelpfeng
-25.50943,-54.54742,1.35,0.0,Rua Sérgio Gasparetto/Avenida Olímpio Rafagnin
-25.50925,-54.54721,1.35,0.0,Rua Sérgio Gasparetto/Avenida Olímpio Rafagnin
-25.50925,-54.54721,1.35,0.0,Rua Sérgio Gasparetto/Avenida Olímpio Rafagnin
-25.50858,-54.54645,1.35,0.0,Rua Sérgio Gasparetto/Avenida Olímpio Rafagnin
-25.51076,-54.55863,1.25,0.0,Avenida Costa E Silva
-25.51076,-54.55839,1.25,0.0,Avenida Costa E Silva
-25.51075,-54.5583,1.25,0.0,Avenida Costa E Silva
-25.51072,-54.5582,1.25,0.0,Avenida Costa E Silva
-25.51072,-54.5582,1.25,0.0,Avenida Costa E Silva
-25.51059,-54.55773,1.25,0.0,Avenida Costa E Silva
-25.51058,-54.55742,1.25,0.0,Avenida Costa E Silva
-25.51058,-54.55742,1.25,0.0,Avenida Costa E Silva
-25.51062,-54.5566,1.25,0.0,Avenida Costa E Silva
-25.51062,-54.5566,1.25,0.0,Avenida Costa E Silva
-25.51064,-54.5562,1.25,0.0,Avenida Costa E Silva
-25.51064,-54.5562,1.25,0.0,Avenida Costa E Silva
-25.51067,-54.5555,1.25,0.0,Avenida Costa E Silva
-25.51067,-54.5555,1.25,0.0,Avenida Costa E Silva
-25.51073,-54.55446,1.25,0.0,Avenida Costa E Silva
-25.51073,-54.55446,1.25,0.0,Avenida Costa E Silva
-25.51078,-54.55365,1.25,0.0,Avenida Costa E Silva
-25.51085,-54.55309,1.25,0.0,Avenida Costa E Silva
-25.51085,-54.55309,1.25,0.0,Avenida Costa E Silva
-25.51106,-54.55151,1.25,0.0,Avenida Costa E Silva
-25.51106,-54.55151,1.25,0.0,Avenida Costa E Silva
-25.51111,-54.55104,1.25,0.0,Avenida Costa E Silva
-25.51112,-54.55063,1.25,0.0,Avenida Costa E Silva
-25.51109,-54.55026,1.25,0.0,Avenida Costa E Silva
-25.51103,-54.54994,1.25,0.0,Avenida Costa E Silva
-25.51103,-54.54994,1.25,0.0,Avenida Costa E Silva
-25.51095,-54.54964,1.25,0.0,Avenida Costa E Silva
-25.51086,-54.54937,1.25,0.0,Avenida Costa E Silva
-25.51086,-54.54937,1.25,0.0,Avenida Costa E Silva
-25.51068,-54.54897,1.25,0.0,Avenida Costa E Silva
-25.51058,-54.5488,1.25,0.0,Avenida Costa E Silva
-25.51035,-54.54848,1.25,0.0,Avenida Costa E Silva
-25.51035,-54.54848,1.25,0.0,Avenida Costa E Silva
-25.51013,-54.5482,1.25,0.0,Avenida Costa E Silva
-25.51013,-54.5482,1.25,0.0,Avenida Costa E Silva
-25.50977,-54.5478,1.25,0.0,Avenida Costa E Silva
-25.50977,-54.5478,1.25,0.0,Avenida Costa E Silva
-25.50943,-54.54742,1.25,0.0,Avenida Costa E Silva
-25.51074,-54.5511,1.17,1.7,Avenida Garibaldi/Rua Edgard Schimmelpfeng
-25.51072,-54.55136,1.17,1.7,Avenida Garibaldi/Rua Edgard Schimmelpfeng
-25.51072,-54.55136,1.17,1.7,Avenida Garibaldi/Rua Edgard Schimmelpfeng
-25.5107,-54.55156,1.17,1.7,Avenida Garibaldi/Rua Edgard Schimmelpfeng
-25.51066,-54.5526,1.17,1.7,Avenida Garibaldi/Rua Edgard Schimmelpfeng
-25.51066,-54.5526,1.17,1.7,Avenida Garibaldi/Rua Edgard Schimmelpfeng
-25.51062,-54.55332,1.17,1.7,Avenida Garibaldi/Rua Edgard Schimmelpfeng
-25.51062,-54.55332,1.17,1.7,Avenida Garibaldi/Rua Edgard Schimmelpfeng
-25.51057,-54.55418,1.17,1.7,Avenida Garibaldi/Rua Edgard Schimmelpfeng
-25.51057,-54.55432,1.17,1.7,Avenida Garibaldi/Rua Edgard Schimmelpfeng
-25.51059,-54.5545,1.17,1.7,Avenida Garibaldi/Rua Edgard Schimmelpfeng
-25.51059,-54.5545,1.17,1.7,Avenida Garibaldi/Rua Edgard Schimmelpfeng
-25.51051,-54.55624,1.17,1.7,Avenida Garibaldi/Rua Edgard Schimmelpfeng
-25.51051,-54.55624,1.17,1.7,Avenida Garibaldi/Rua Edgard Schimmelpfeng
-25.51043,-54.55789,1.17,1.7,Avenida Garibaldi/Rua Edgard Schimmelpfeng
-25.51039,-54.55814,1.17,1.7,Avenida Garibaldi/Rua Edgard Schimmelpfeng
-25.51024,-54.5586,1.17,1.7,Avenida Garibaldi/Rua Edgard Schimmelpfeng
-25.51024,-54.5586,1.17,1.7,Avenida Garibaldi/Rua Edgard Schimmelpfeng
-25.51021,-54.55865,1.17,1.7,Avenida Garibaldi/Rua Edgard Schimmelpfeng
-25.51021,-54.55865,1.17,1.7,Avenida Garibaldi/Rua Edgard Schimmelpfeng
-25.51019,-54.5587,1.17,1.7,Avenida Garibaldi/Rua Edgard Schimmelpfeng
-25.51019,-54.5587,1.17,1.7,Avenida Garibaldi/Rua Edgard Schimmelpfeng
-25.51017,-54.55878,1.17,1.7,Avenida Garibaldi/Rua Edgard Schimmelpfeng
-25.51016,-54.55898,1.17,1.7,Avenida Garibaldi/Rua Edgard Schimmelpfeng
-25.51016,-54.55898,1.17,1.7,Avenida Garibaldi/Rua Edgard Schimmelpfeng
-25.51019,-54.5592,1.17,1.7,Avenida Garibaldi/Rua Edgard Schimmelpfeng
-25.51019,-54.5592,1.17,1.7,Avenida Garibaldi/Rua Edgard Schimmelpfeng
-25.51021,-54.55926,1.17,1.7,Avenida Garibaldi/Rua Edgard Schimmelpfeng
-25.50847,-54.54652,0.91,0.5,Avenida Costa E Silva
-25.50868,-54.54676,0.91,0.5,Avenida Costa E Silva
-25.50868,-54.54676,0.91,0.5,Avenida Costa E Silva
-25.50875,-54.54684,0.91,0.5,Avenida Costa E Silva
-25.50875,-54.54684,0.91,0.5,Avenida Costa E Silva
-25.50913,-54.54727,0.91,0.5,Avenida Costa E Silva
-25.50913,-54.54727,0.91,0.5,Avenida Costa E Silva
-25.50939,-54.54757,0.91,0.5,Avenida Costa E Silva
-25.50939,-54.54757,0.91,0.5,Avenida Costa E Silva
-25.5097,-54.54791,0.91,0.5,Avenida Costa E Silva
-25.5097,-54.54791,0.91,0.5,Avenida Costa E Silva
-25.5099,-54.54823,0.91,0.5,Avenida Costa E Silva
-25.51008,-54.54846,0.91,0.5,Avenida Costa E Silva
-25.51008,-54.54846,0.91,0.5,Avenida Costa E Silva
-25.51034,-54.54889,0.91,0.5,Avenida Costa E Silva
-25.51034,-54.54889,0.91,0.5,Avenida Costa E Silva
-25.51049,-54.54921,0.91,0.5,Avenida Costa E Silva
-25.51061,-54.54957,0.91,0.5,Avenida Costa E Silva
-25.51066,-54.54979,0.91,0.5,Avenida Costa E Silva
-25.51066,-54.54979,0.91,0.5,Avenida Costa E Silva
-25.5107,-54.55,0.91,0.5,Avenida Costa E Silva
-25.51076,-54.55054,0.91,0.5,Avenida Costa E Silva
-25.51076,-54.55054,0.91,0.5,Avenida Costa E Silva
-25.51074,-54.5511,0.91,0.5,Avenida Costa E Silva
-25.51079,-54.57422,0.66,0.0,BR-469/AVENIDA PARANÁ SENTIDO NORTE
-25.51052,-54.57414,0.66,0.0,BR-469/AVENIDA PARANÁ SENTIDO NORTE
-25.51028,-54.57403,0.66,0.0,BR-469/AVENIDA PARANÁ SENTIDO NORTE
-25.51017,-54.57393,0.66,0.0,BR-469/AVENIDA PARANÁ SENTIDO NORTE
-25.51012,-54.57386,0.66,0.0,BR-469/AVENIDA PARANÁ SENTIDO NORTE
-25.51004,-54.57368,0.66,0.0,BR-469/AVENIDA PARANÁ SENTIDO NORTE
-25.51002,-54.57358,0.66,0.0,BR-469/AVENIDA PARANÁ SENTIDO NORTE
-25.50884,-54.57418,1.21,0.0,BR-277/Avenida Nelson da Cunha Júnior
-25.50946,-54.57423,1.21,0.0,BR-277/Avenida Nelson da Cunha Júnior
-25.50946,-54.57423,1.21,0.0,BR-277/Avenida Nelson da Cunha Júnior
-25.50971,-54.57425,1.21,0.0,BR-277/Avenida Nelson da Cunha Júnior
-25.50971,-54.57425,1.21,0.0,BR-277/Avenida Nelson da Cunha Júnior
-25.5098,-54.57426,1.21,0.0,BR-277/Avenida Nelson da Cunha Júnior
-25.5098,-54.57426,1.21,0.0,BR-277/Avenida Nelson da Cunha Júnior
-25.50998,-54.57427,1.21,0.0,BR-277/Avenida Nelson da Cunha Júnior
-25.50998,-54.57427,1.21,0.0,BR-277/Avenida Nelson da Cunha Júnior
-25.51066,-54.57431,1.21,0.0,BR-277/Avenida Nelson da Cunha Júnior
-25.51066,-54.57431,1.21,0.0,BR-277/Avenida Nelson da Cunha Júnior
-25.5114,-54.57437,1.21,0.0,BR-277/Avenida Nelson da Cunha Júnior
-25.5114,-54.57437,1.21,0.0,BR-277/Avenida Nelson da Cunha Júnior
-25.51265,-54.57451,1.21,0.0,BR-277/Avenida Nelson da Cunha Júnior
-25.51265,-54.57451,0.71,0.0,Avenida José Maria de Brito
-25.51307,-54.57455,0.71,0.0,Avenida José Maria de Brito
-25.51307,-54.57455,0.71,0.0,Avenida José Maria de Brito
-25.51318,-54.57456,0.71,0.0,Avenida José Maria de Brito
-25.51318,-54.57456,0.71,0.0,Avenida José Maria de Brito
-25.51353,-54.57458,0.71,0.0,Avenida José Maria de Brito
-25.51353,-54.57458,0.71,0.0,Avenida José Maria de Brito
-25.5136,-54.57458,0.71,0.0,Avenida José Maria de Brito
-25.5136,-54.57458,0.71,0.0,Avenida José Maria de Brito
-25.51392,-54.5746,0.71,0.0,Avenida José Maria de Brito
-25.51392,-54.5746,0.71,0.0,Avenida José Maria de Brito
-25.51418,-54.57461,0.71,0.0,Avenida José Maria de Brito
-25.51418,-54.57461,0.71,0.0,Avenida José Maria de Brito
-25.51442,-54.57463,0.71,0.0,Avenida José Maria de Brito
-25.51442,-54.57463,0.71,0.0,Avenida José Maria de Brito
-25.51474,-54.57465,0.71,0.0,Avenida José Maria de Brito
-25.51474,-54.57465,0.71,0.0,Avenida José Maria de Brito
-25.51493,-54.57467,0.71,0.0,Avenida José Maria de Brito
-25.51493,-54.57467,0.71,0.0,Avenida José Maria de Brito
-25.51594,-54.57475,0.71,0.0,Avenida José Maria de Brito
-25.51594,-54.57475,0.71,0.0,Avenida José Maria de Brito
-25.51617,-54.57477,0.71,0.0,Avenida José Maria de Brito
-25.51617,-54.57477,0.71,0.0,Avenida José Maria de Brito
-25.51669,-54.57482,0.71,0.0,Avenida José Maria de Brito
-25.51669,-54.57482,0.71,0.0,Avenida José Maria de Brito
-25.51678,-54.57483,0.71,0.0,Avenida José Maria de Brito
-25.51724,-54.57474,0.91,1.5,BR-277/Avenida Nelson da Cunha Júnior
-25.51715,-54.57474,0.91,1.5,BR-277/Avenida Nelson da Cunha Júnior
-25.51715,-54.57474,0.91,1.5,BR-277/Avenida Nelson da Cunha Júnior
-25.51703,-54.57473,0.91,1.5,BR-277/Avenida Nelson da Cunha Júnior
-25.51703,-54.57473,0.91,1.5,BR-277/Avenida Nelson da Cunha Júnior
-25.5168,-54.57471,0.91,1.5,BR-277/Avenida Nelson da Cunha Júnior
-25.5168,-54.57471,0.91,1.5,BR-277/Avenida Nelson da Cunha Júnior
-25.51591,-54.57462,0.91,1.5,BR-277/Avenida Nelson da Cunha Júnior
-25.51591,-54.57462,0.91,1.5,BR-277/Avenida Nelson da Cunha Júnior
-25.51487,-54.57454,0.91,1.5,BR-277/Avenida Nelson da Cunha Júnior
-25.51487,-54.57454,0.91,1.5,BR-277/Avenida Nelson da Cunha Júnior
-25.51453,-54.57451,0.91,1.5,BR-277/Avenida Nelson da Cunha Júnior
-25.51453,-54.57451,0.91,1.5,BR-277/Avenida Nelson da Cunha Júnior
-25.51437,-54.57449,0.91,1.5,BR-277/Avenida Nelson da Cunha Júnior
-25.51437,-54.57449,0.91,1.5,BR-277/Avenida Nelson da Cunha Júnior
-25.51398,-54.57444,0.91,1.5,BR-277/Avenida Nelson da Cunha Júnior
-25.51398,-54.57444,0.91,1.5,BR-277/Avenida Nelson da Cunha Júnior
-25.5136,-54.57441,0.91,1.5,BR-277/Avenida Nelson da Cunha Júnior
-25.5136,-54.57441,0.91,1.5,BR-277/Avenida Nelson da Cunha Júnior
-25.51354,-54.5744,0.91,1.5,BR-277/Avenida Nelson da Cunha Júnior
-25.51354,-54.5744,0.91,1.5,BR-277/Avenida Nelson da Cunha Júnior
-25.51318,-54.57437,0.91,1.5,BR-277/Avenida Nelson da Cunha Júnior
-25.51318,-54.57437,0.91,1.5,BR-277/Avenida Nelson da Cunha Júnior
-25.5131,-54.57437,0.91,1.5,BR-277/Avenida Nelson da Cunha Júnior
-25.5131,-54.57437,0.91,1.5,BR-277/Avenida Nelson da Cunha Júnior
-25.51275,-54.57435,0.91,1.5,BR-277/Avenida Nelson da Cunha Júnior
-25.51275,-54.57435,0.91,1.5,BR-277/Avenida Nelson da Cunha Júnior
-25.51253,-54.57434,0.91,1.5,BR-277/Avenida Nelson da Cunha Júnior
-25.51253,-54.57434,0.91,1.5,BR-277/Avenida Nelson da Cunha Júnior
-25.51211,-54.57432,0.91,1.5,BR-277/Avenida Nelson da Cunha Júnior
-25.51138,-54.57426,0.91,1.5,BR-277/Avenida Nelson da Cunha Júnior
-25.51138,-54.57426,0.91,1.5,BR-277/Avenida Nelson da Cunha Júnior
-25.51079,-54.57422,0.91,1.5,BR-277/Avenida Nelson da Cunha Júnior
-25.51079,-54.57422,0.91,1.5,BR-277/Avenida Nelson da Cunha Júnior
-25.51,-54.57418,0.91,1.5,BR-277/Avenida Nelson da Cunha Júnior
-25.51,-54.57418,0.91,1.5,BR-277/Avenida Nelson da Cunha Júnior
-25.50971,-54.57416,0.91,1.5,BR-277/Avenida Nelson da Cunha Júnior
-25.50971,-54.57416,0.91,1.5,BR-277/Avenida Nelson da Cunha Júnior
-25.5095,-54.57415,0.91,1.5,BR-277/Avenida Nelson da Cunha Júnior
-25.5095,-54.57415,0.91,1.5,BR-277/Avenida Nelson da Cunha Júnior
-25.50885,-54.57408,0.91,1.5,BR-277/Avenida Nelson da Cunha Júnior
-25.50885,-54.57408,0.91,1.5,BR-277/Avenida Nelson da Cunha Júnior
-25.50871,-54.57407,0.91,1.5,BR-277/Avenida Nelson da Cunha Júnior
-25.50871,-54.57407,0.91,1.5,BR-277/Avenida Nelson da Cunha Júnior
-25.5081,-54.57399,0.91,1.5,BR-277/Avenida Nelson da Cunha Júnior
-25.50884,-54.57418,0.88,0.0,BR-469/AVENIDA PARANÁ SENTIDO SUL
-25.50923,-54.57435,0.88,0.0,BR-469/AVENIDA PARANÁ SENTIDO SUL
-25.50939,-54.57446,0.88,0.0,BR-469/AVENIDA PARANÁ SENTIDO SUL
-25.50945,-54.57452,0.88,0.0,BR-469/AVENIDA PARANÁ SENTIDO SUL
-25.50954,-54.57466,0.88,0.0,BR-469/AVENIDA PARANÁ SENTIDO SUL
-25.50967,-54.57502,0.88,0.0,BR-469/AVENIDA PARANÁ SENTIDO SUL
-25.50605,-54.58839,2.1,0.0,BR-469/Avenida Paraná/Avenida Nelson da Cunha Júnior
-25.50624,-54.58785,2.1,0.0,BR-469/Avenida Paraná/Avenida Nelson da Cunha Júnior
-25.50624,-54.58785,2.1,0.0,BR-469/Avenida Paraná/Avenida Nelson da Cunha Júnior
-25.50722,-54.58494,2.1,0.0,BR-469/Avenida Paraná/Avenida Nelson da Cunha Júnior
-25.50722,-54.58494,2.1,0.0,BR-469/Avenida Paraná/Avenida Nelson da Cunha Júnior
-25.50733,-54.58462,2.1,0.0,BR-469/Avenida Paraná/Avenida Nelson da Cunha Júnior
-25.50733,-54.58462,2.1,0.0,BR-469/Avenida Paraná/Avenida Nelson da Cunha Júnior
-25.50742,-54.58431,2.1,0.0,BR-469/Avenida Paraná/Avenida Nelson da Cunha Júnior
-25.50742,-54.58431,2.1,0.0,BR-469/Avenida Paraná/Avenida Nelson da Cunha Júnior
-25.50752,-54.58402,2.1,0.0,BR-469/Avenida Paraná/Avenida Nelson da Cunha Júnior
-25.50752,-54.58402,2.1,0.0,BR-469/Avenida Paraná/Avenida Nelson da Cunha Júnior
-25.50805,-54.58244,2.1,0.0,BR-469/Avenida Paraná/Avenida Nelson da Cunha Júnior
-25.50805,-54.58244,2.1,0.0,BR-469/Avenida Paraná/Avenida Nelson da Cunha Júnior
-25.50823,-54.58191,2.1,0.0,BR-469/Avenida Paraná/Avenida Nelson da Cunha Júnior
-25.50823,-54.58191,2.1,0.0,BR-469/Avenida Paraná/Avenida Nelson da Cunha Júnior
-25.50913,-54.5792,2.1,0.0,BR-469/Avenida Paraná/Avenida Nelson da Cunha Júnior
-25.50913,-54.5792,2.1,0.0,BR-469/Avenida Paraná/Avenida Nelson da Cunha Júnior
-25.50926,-54.57879,2.1,0.0,BR-469/Avenida Paraná/Avenida Nelson da Cunha Júnior
-25.50943,-54.57816,2.1,0.0,BR-469/Avenida Paraná/Avenida Nelson da Cunha Júnior
-25.50958,-54.57737,2.1,0.0,BR-469/Avenida Paraná/Avenida Nelson da Cunha Júnior
-25.50958,-54.57737,2.1,0.0,BR-469/Avenida Paraná/Avenida Nelson da Cunha Júnior
-25.50967,-54.57665,2.1,0.0,BR-469/Avenida Paraná/Avenida Nelson da Cunha Júnior
-25.50972,-54.57575,2.1,0.0,BR-469/Avenida Paraná/Avenida Nelson da Cunha Júnior
-25.50972,-54.57575,2.1,0.0,BR-469/Avenida Paraná/Avenida Nelson da Cunha Júnior
-25.50975,-54.57523,2.1,0.0,BR-469/Avenida Paraná/Avenida Nelson da Cunha Júnior
-25.50975,-54.57523,2.1,0.0,BR-469/Avenida Paraná/Avenida Nelson da Cunha Júnior
-25.5098,-54.57426,2.1,0.0,BR-469/Avenida Paraná/Avenida Nelson da Cunha Júnior
-25.5098,-54.57426,2.1,0.0,BR-469/Avenida Paraná/Avenida Nelson da Cunha Júnior
-25.50982,-54.5739,2.1,0.0,BR-469/Avenida Paraná/Avenida Nelson da Cunha Júnior
-25.50982,-54.5739,2.1,0.0,BR-469/Avenida Paraná/Avenida Nelson da Cunha Júnior
-25.50989,-54.57232,2.1,0.0,BR-469/Avenida Paraná/Avenida Nelson da Cunha Júnior
-25.50989,-54.57232,2.1,0.0,BR-469/Avenida Paraná/Avenida Nelson da Cunha Júnior
-25.50993,-54.5715,2.1,0.0,BR-469/Avenida Paraná/Avenida Nelson da Cunha Júnior
-25.50993,-54.5715,2.1,0.0,BR-469/Avenida Paraná/Avenida Nelson da Cunha Júnior
-25.50996,-54.57062,2.1,0.0,BR-469/Avenida Paraná/Avenida Nelson da Cunha Júnior
-25.50967,-54.57502,13.47,7.0,Avenida Juscelino Kubitschek/Avenida Tancredo Neves
-25.50965,-54.57538,13.47,7.0,Avenida Juscelino Kubitschek/Avenida Tancredo Neves
-25.50965,-54.57538,13.47,7.0,Avenida Juscelino Kubitschek/Avenida Tancredo Neves
-25.50964,-54.57587,13.47,7.0,Avenida Juscelino Kubitschek/Avenida Tancredo Neves
-25.50964,-54.57587,13.47,7.0,Avenida Juscelino Kubitschek/Avenida Tancredo Neves
-25.50962,-54.57626,13.47,7.0,Avenida Juscelino Kubitschek/Avenida Tancredo Neves
-25.50954,-54.57702,13.47,7.0,Avenida Juscelino Kubitschek/Avenida Tancredo Neves
-25.5094,-54.57785,13.47,7.0,Avenida Juscelino Kubitschek/Avenida Tancredo Neves
-25.50921,-54.57865,13.47,7.0,Avenida Juscelino Kubitschek/Avenida Tancredo Neves
-25.50904,-54.57921,13.47,7.0,Avenida Juscelino Kubitschek/Avenida Tancredo Neves
-25.50904,-54.57921,13.47,7.0,Avenida Juscelino Kubitschek/Avenida Tancredo Neves
-25.50797,-54.58241,13.47,7.0,Avenida Juscelino Kubitschek/Avenida Tancredo Neves
-25.50797,-54.58241,13.47,7.0,Avenida Juscelino Kubitschek/Avenida Tancredo Neves
-25.50745,-54.58398,13.47,7.0,Avenida Juscelino Kubitschek/Avenida Tancredo Neves
-25.50745,-54.58398,13.47,7.0,Avenida Juscelino Kubitschek/Avenida Tancredo Neves
-25.50728,-54.58447,13.47,7.0,Avenida Juscelino Kubitschek/Avenida Tancredo Neves
-25.50728,-54.58447,13.47,7.0,Avenida Juscelino Kubitschek/Avenida Tancredo Neves
-25.50724,-54.58461,13.47,7.0,Avenida Juscelino Kubitschek/Avenida Tancredo Neves
-25.50724,-54.58461,13.47,7.0,Avenida Juscelino Kubitschek/Avenida Tancredo Neves
-25.50714,-54.5849,13.47,7.0,Avenida Juscelino Kubitschek/Avenida Tancredo Neves
-25.50714,-54.5849,13.47,7.0,Avenida Juscelino Kubitschek/Avenida Tancredo Neves
-25.50661,-54.58647,13.47,7.0,Avenida Juscelino Kubitschek/Avenida Tancredo Neves
-25.50661,-54.58647,13.47,7.0,Avenida Juscelino Kubitschek/Avenida Tancredo Neves
-25.50648,-54.58684,13.47,7.0,Avenida Juscelino Kubitschek/Avenida Tancredo Neves
-25.50648,-54.58684,13.47,7.0,Avenida Juscelino Kubitschek/Avenida Tancredo Neves
-25.50614,-54.58787,13.47,7.0,Avenida Juscelino Kubitschek/Avenida Tancredo Neves
-25.50611,-54.58799,13.47,7.0,Avenida Juscelino Kubitschek/Avenida Tancredo Neves
-25.50605,-54.58839,13.47,7.0,Avenida Juscelino Kubitschek/Avenida Tancredo Neves
-25.50605,-54.58839,13.47,7.0,Avenida Juscelino Kubitschek/Avenida Tancredo Neves
-25.50603,-54.58854,13.47,7.0,Avenida Juscelino Kubitschek/Avenida Tancredo Neves
-25.51021,-54.55926,1.8,0.0,BR-469/Avenida Paraná/Avenida Nelson da Cunha Júnior
-25.51025,-54.5594,1.8,0.0,BR-469/Avenida Paraná/Avenida Nelson da Cunha Júnior
-25.51025,-54.5594,1.8,0.0,BR-469/Avenida Paraná/Avenida Nelson da Cunha Júnior
-25.51032,-54.55965,1.8,0.0,BR-469/Avenida Paraná/Avenida Nelson da Cunha Júnior
-25.51034,-54.55983,1.8,0.0,BR-469/Avenida Paraná/Avenida Nelson da Cunha Júnior
-25.51034,-54.56004,1.8,0.0,BR-469/Avenida Paraná/Avenida Nelson da Cunha Júnior
-25.51025,-54.56204,1.8,0.0,BR-469/Avenida Paraná/Avenida Nelson da Cunha Júnior
-25.51025,-54.56204,1.8,0.0,BR-469/Avenida Paraná/Avenida Nelson da Cunha Júnior
-25.5102,-54.56311,1.8,0.0,BR-469/Avenida Paraná/Avenida Nelson da Cunha Júnior
-25.5102,-54.56311,1.8,0.0,BR-469/Avenida Paraná/Avenida Nelson da Cunha Júnior
-25.51014,-54.56437,1.8,0.0,BR-469/Avenida Paraná/Avenida Nelson da Cunha Júnior
-25.51014,-54.56437,1.8,0.0,BR-469/Avenida Paraná/Avenida Nelson da Cunha Júnior
-25.51,-54.5673,1.8,0.0,BR-469/Avenida Paraná/Avenida Nelson da Cunha Júnior
-25.51,-54.5673,1.8,0.0,BR-469/Avenida Paraná/Avenida Nelson da Cunha Júnior
-25.50993,-54.56874,1.8,0.0,BR-469/Avenida Paraná/Avenida Nelson da Cunha Júnior
-25.50993,-54.56874,1.8,0.0,BR-469/Avenida Paraná/Avenida Nelson da Cunha Júnior
-25.50988,-54.56975,1.8,0.0,BR-469/Avenida Paraná/Avenida Nelson da Cunha Júnior
-25.50988,-54.56975,1.8,0.0,BR-469/Avenida Paraná/Avenida Nelson da Cunha Júnior
-25.50987,-54.57025,1.8,0.0,BR-469/Avenida Paraná/Avenida Nelson da Cunha Júnior
-25.50987,-54.57025,1.8,0.0,BR-469/Avenida Paraná/Avenida Nelson da Cunha Júnior
-25.50986,-54.57086,1.8,0.0,BR-469/Avenida Paraná/Avenida Nelson da Cunha Júnior
-25.50986,-54.57086,1.8,0.0,BR-469/Avenida Paraná/Avenida Nelson da Cunha Júnior
-25.50984,-54.57149,1.8,0.0,BR-469/Avenida Paraná/Avenida Nelson da Cunha Júnior
-25.50984,-54.57149,1.8,0.0,BR-469/Avenida Paraná/Avenida Nelson da Cunha Júnior
-25.5098,-54.57234,1.8,0.0,BR-469/Avenida Paraná/Avenida Nelson da Cunha Júnior
-25.5098,-54.57234,1.8,0.0,BR-469/Avenida Paraná/Avenida Nelson da Cunha Júnior
-25.50975,-54.5735,1.8,0.0,BR-469/Avenida Paraná/Avenida Nelson da Cunha Júnior
-25.50975,-54.5735,1.8,0.0,BR-469/Avenida Paraná/Avenida Nelson da Cunha Júnior
-25.50972,-54.57398,1.8,0.0,BR-469/Avenida Paraná/Avenida Nelson da Cunha Júnior
-25.50972,-54.57398,1.8,0.0,BR-469/Avenida Paraná/Avenida Nelson da Cunha Júnior
-25.50971,-54.57416,1.8,0.0,BR-469/Avenida Paraná/Avenida Nelson da Cunha Júnior
-25.50971,-54.57416,1.8,0.0,BR-469/Avenida Paraná/Avenida Nelson da Cunha Júnior
-25.50971,-54.57425,1.8,0.0,BR-469/Avenida Paraná/Avenida Nelson da Cunha Júnior
-25.50971,-54.57425,1.8,0.0,BR-469/Avenida Paraná/Avenida Nelson da Cunha Júnior
-25.50967,-54.57502,1.8,0.0,BR-469/Avenida Paraná/Avenida Nelson da Cunha Júnior
-25.50722,-54.58447,0.45,2.3,AVENIDA JUSCELINO KUBITSCHEK SENTIDO NORTE
-25.5071,-54.58442,0.45,2.3,AVENIDA JUSCELINO KUBITSCHEK SENTIDO NORTE
-25.50704,-54.58438,0.45,2.3,AVENIDA JUSCELINO KUBITSCHEK SENTIDO NORTE
-25.50698,-54.58433,0.45,2.3,AVENIDA JUSCELINO KUBITSCHEK SENTIDO NORTE
-25.50692,-54.58425,0.45,2.3,AVENIDA JUSCELINO KUBITSCHEK SENTIDO NORTE
-25.50684,-54.58408,0.45,2.3,AVENIDA JUSCELINO KUBITSCHEK SENTIDO NORTE
-25.50683,-54.58393,0.45,2.3,AVENIDA JUSCELINO KUBITSCHEK SENTIDO NORTE
-25.50683,-54.58393,0.45,2.3,AVENIDA JUSCELINO KUBITSCHEK SENTIDO NORTE
-25.50684,-54.58387,0.45,2.3,AVENIDA JUSCELINO KUBITSCHEK SENTIDO NORTE
-25.5069,-54.58373,0.45,2.3,AVENIDA JUSCELINO KUBITSCHEK SENTIDO NORTE
-25.50706,-54.58354,0.45,2.3,AVENIDA JUSCELINO KUBITSCHEK SENTIDO NORTE
-25.50714,-54.58347,0.45,2.3,AVENIDA JUSCELINO KUBITSCHEK SENTIDO NORTE
-25.50718,-54.58345,0.45,2.3,AVENIDA JUSCELINO KUBITSCHEK SENTIDO NORTE
-25.50727,-54.58345,0.45,2.3,AVENIDA JUSCELINO KUBITSCHEK SENTIDO NORTE
-25.50735,-54.58348,0.45,2.3,AVENIDA JUSCELINO KUBITSCHEK SENTIDO NORTE
-25.50743,-54.58358,0.45,2.3,AVENIDA JUSCELINO KUBITSCHEK SENTIDO NORTE
-25.50745,-54.58363,0.45,2.3,AVENIDA JUSCELINO KUBITSCHEK SENTIDO NORTE
-25.50746,-54.58367,0.45,2.3,AVENIDA JUSCELINO KUBITSCHEK SENTIDO NORTE
-25.50745,-54.58398,0.45,2.3,AVENIDA JUSCELINO KUBITSCHEK SENTIDO NORTE
-25.50984,-54.57149,1.03,0.7,BR-277 SENTIDO OESTE
-25.50965,-54.57188,1.03,0.7,BR-277 SENTIDO OESTE
-25.5096,-54.57204,1.03,0.7,BR-277 SENTIDO OESTE
-25.5096,-54.57204,1.03,0.7,BR-277 SENTIDO OESTE
-25.50958,-54.57226,1.03,0.7,BR-277 SENTIDO OESTE
-25.50954,-54.57344,1.03,0.7,BR-277 SENTIDO OESTE
-25.50954,-54.57344,1.03,0.7,BR-277 SENTIDO OESTE
-25.50947,-54.57362,1.03,0.7,BR-277 SENTIDO OESTE
-25.50942,-54.57371,1.03,0.7,BR-277 SENTIDO OESTE
-25.50934,-54.57381,1.03,0.7,BR-277 SENTIDO OESTE
-25.50921,-54.5739,1.03,0.7,BR-277 SENTIDO OESTE
-25.5091,-54.57393,1.03,0.7,BR-277 SENTIDO OESTE
-25.50887,-54.57396,1.03,0.7,BR-277 SENTIDO OESTE
-25.50859,-54.57398,1.03,0.7,BR-277 SENTIDO OESTE
-25.5081,-54.57399,1.03,0.7,BR-277 SENTIDO OESTE
-25.50797,-54.58241,8.03,9.9,BR-277 SENTIDO OESTE
-25.5076,-54.58285,8.03,9.9,BR-277 SENTIDO OESTE
-25.50718,-54.58325,8.03,9.9,BR-277 SENTIDO OESTE
-25.50703,-54.58341,8.03,9.9,BR-277 SENTIDO OESTE
-25.50693,-54.58354,8.03,9.9,BR-277 SENTIDO OESTE
-25.5068,-54.58376,8.03,9.9,BR-277 SENTIDO OESTE
-25.50662,-54.58419,8.03,9.9,BR-277 SENTIDO OESTE
-25.50655,-54.58429,8.03,9.9,BR-277 SENTIDO OESTE
-25.5065,-54.58433,8.03,9.9,BR-277 SENTIDO OESTE
-25.50629,-54.58445,8.03,9.9,BR-277 SENTIDO OESTE
-25.50663,-54.58458,0.68,2.1,BR-277
-25.50706,-54.5846,0.68,2.1,BR-277
-25.50706,-54.5846,0.68,2.1,BR-277
-25.50724,-54.58461,0.68,2.1,BR-277
-25.50724,-54.58461,0.68,2.1,BR-277
-25.50751,-54.58465,0.68,2.1,BR-277
-25.50751,-54.58465,0.68,2.1,BR-277
-25.50785,-54.58471,0.68,2.1,BR-277
-25.50785,-54.58471,0.79,2.8,Avenida Carlos Gomes
-25.50797,-54.58473,0.79,2.8,Avenida Carlos Gomes
-25.50797,-54.58473,0.79,2.8,Avenida Carlos Gomes
-25.50825,-54.58477,0.79,2.8,Avenida Carlos Gomes
-25.50825,-54.58477,0.79,2.8,Avenida Carlos Gomes
-25.50846,-54.58479,0.79,2.8,Avenida Carlos Gomes
-25.50846,-54.58479,0.79,2.8,Avenida Carlos Gomes
-25.50872,-54.58481,0.79,2.8,Avenida Carlos Gomes
-25.50872,-54.58481,0.79,2.8,Avenida Carlos Gomes
-25.50927,-54.58485,0.79,2.8,Avenida Carlos Gomes
-25.50927,-54.58485,0.79,2.8,Avenida Carlos Gomes
-25.50949,-54.58486,0.79,2.8,Avenida Carlos Gomes
-25.50949,-54.58486,0.79,2.8,Avenida Carlos Gomes
-25.51013,-54.58491,0.79,2.8,Avenida Carlos Gomes
-25.51013,-54.58491,0.79,2.8,Avenida Carlos Gomes
-25.5104,-54.58493,0.79,2.8,Avenida Carlos Gomes
-25.5104,-54.58493,0.79,2.8,Avenida Carlos Gomes
-25.51053,-54.58494,0.79,2.8,Avenida Carlos Gomes
-25.51053,-54.58494,0.79,2.8,Avenida Carlos Gomes
-25.51086,-54.58496,0.79,2.8,Avenida Carlos Gomes
-25.51086,-54.58496,0.79,2.8,Avenida Carlos Gomes
-25.51147,-54.58501,0.79,2.8,Avenida Carlos Gomes
-25.51147,-54.58501,0.79,2.8,Avenida Carlos Gomes
-25.51175,-54.58503,0.79,2.8,Avenida Carlos Gomes
-25.51175,-54.58503,0.79,2.8,Avenida Carlos Gomes
-25.51207,-54.58505,0.79,2.8,Avenida Carlos Gomes
-25.51207,-54.58505,0.79,2.8,Avenida Carlos Gomes
-25.51243,-54.58507,0.79,2.8,Avenida Carlos Gomes
-25.51243,-54.58507,0.79,2.8,Avenida Carlos Gomes
-25.51345,-54.58515,0.79,2.8,Avenida Carlos Gomes
-25.51345,-54.58515,0.79,2.8,Avenida Carlos Gomes
-25.51356,-54.58516,0.79,2.8,Avenida Carlos Gomes
-25.51356,-54.58516,0.94,2.2,Avenida José Maria de Brito
-25.51422,-54.58521,0.94,2.2,Avenida José Maria de Brito
-25.51422,-54.58521,0.94,2.2,Avenida José Maria de Brito
-25.51434,-54.58522,0.94,2.2,Avenida José Maria de Brito
-25.51434,-54.58522,0.94,2.2,Avenida José Maria de Brito
-25.51451,-54.58523,0.94,2.2,Avenida José Maria de Brito
-25.51451,-54.58523,0.94,2.2,Avenida José Maria de Brito
-25.51503,-54.58527,0.94,2.2,Avenida José Maria de Brito
-25.51503,-54.58527,0.94,2.2,Avenida José Maria de Brito
-25.51532,-54.58529,0.94,2.2,Avenida José Maria de Brito
-25.51532,-54.58529,0.94,2.2,Avenida José Maria de Brito
-25.51553,-54.58531,0.94,2.2,Avenida José Maria de Brito
-25.51553,-54.58531,0.94,2.2,Avenida José Maria de Brito
-25.51653,-54.58538,0.94,2.2,Avenida José Maria de Brito
-25.51347,-54.58491,1.82,4.2,BR-277
-25.51249,-54.58483,1.82,4.2,BR-277
-25.51249,-54.58483,1.82,4.2,BR-277
-25.51207,-54.5848,1.82,4.2,BR-277
-25.51207,-54.5848,1.82,4.2,BR-277
-25.51169,-54.58477,1.82,4.2,BR-277
-25.51169,-54.58477,1.82,4.2,BR-277
-25.51143,-54.58475,1.82,4.2,BR-277
-25.51143,-54.58475,1.82,4.2,BR-277
-25.51102,-54.58472,1.82,4.2,BR-277
-25.51102,-54.58472,1.82,4.2,BR-277
-25.51087,-54.58471,1.82,4.2,BR-277
-25.51087,-54.58471,1.82,4.2,BR-277
-25.51055,-54.58469,1.82,4.2,BR-277
-25.51055,-54.58469,1.82,4.2,BR-277
-25.51044,-54.58468,1.82,4.2,BR-277
-25.51044,-54.58468,1.82,4.2,BR-277
-25.51013,-54.58466,1.82,4.2,BR-277
-25.51013,-54.58466,1.82,4.2,BR-277
-25.50951,-54.58461,1.82,4.2,BR-277
-25.50951,-54.58461,1.82,4.2,BR-277
-25.50927,-54.58459,1.82,4.2,BR-277
-25.50927,-54.58459,1.82,4.2,BR-277
-25.50894,-54.58456,1.82,4.2,BR-277
-25.50894,-54.58456,1.82,4.2,BR-277
-25.50872,-54.58454,1.82,4.2,BR-277
-25.50872,-54.58454,1.82,4.2,BR-277
-25.50845,-54.58452,1.82,4.2,BR-277
-25.50845,-54.58452,1.82,4.2,BR-277
-25.50806,-54.58449,1.82,4.2,BR-277
-25.50806,-54.58449,1.82,4.2,BR-277
-25.50791,-54.58448,1.82,4.2,BR-277
-25.50791,-54.58448,1.82,4.2,BR-277
-25.50755,-54.58447,1.82,4.2,BR-277
-25.50755,-54.58447,1.82,4.2,BR-277
-25.50728,-54.58447,1.82,4.2,BR-277
-25.50728,-54.58447,1.82,4.2,BR-277
-25.50722,-54.58447,1.82,4.2,BR-277
-25.50722,-54.58447,1.82,4.2,BR-277
-25.50692,-54.58447,1.82,4.2,BR-277
-25.50692,-54.58447,1.82,4.2,BR-277
-25.50659,-54.58446,1.82,4.2,BR-277
-25.50659,-54.58446,1.82,4.2,BR-277
-25.50629,-54.58445,1.82,4.2,BR-277
-25.51653,-54.58515,0.85,0.0,Avenida Carlos Gomes
-25.51559,-54.58507,0.85,0.0,Avenida Carlos Gomes
-25.51559,-54.58507,0.85,0.0,Avenida Carlos Gomes
-25.51533,-54.58505,0.85,0.0,Avenida Carlos Gomes
-25.51533,-54.58505,0.85,0.0,Avenida Carlos Gomes
-25.51507,-54.58503,0.85,0.0,Avenida Carlos Gomes
-25.51507,-54.58503,0.85,0.0,Avenida Carlos Gomes
-25.51454,-54.58499,0.85,0.0,Avenida Carlos Gomes
-25.51454,-54.58499,0.85,0.0,Avenida Carlos Gomes
-25.51435,-54.58498,0.85,0.0,Avenida Carlos Gomes
-25.51435,-54.58498,0.85,0.0,Avenida Carlos Gomes
-25.51423,-54.58497,0.85,0.0,Avenida Carlos Gomes
-25.51423,-54.58497,0.85,0.0,Avenida Carlos Gomes
-25.51358,-54.58492,0.85,0.0,Avenida Carlos Gomes
-25.51358,-54.58492,0.85,0.0,Avenida Carlos Gomes
-25.51347,-54.58491,0.85,0.0,Avenida Carlos Gomes
-25.51678,-54.57483,8.0,8.1,Avenida República Argentina/Avenida Costa e Silva
-25.51703,-54.57485,8.0,8.1,Avenida República Argentina/Avenida Costa e Silva
-25.51703,-54.57485,8.0,8.1,Avenida República Argentina/Avenida Costa e Silva
-25.51713,-54.57486,8.0,8.1,Avenida República Argentina/Avenida Costa e Silva
-25.51713,-54.57486,8.0,8.1,Avenida República Argentina/Avenida Costa e Silva
-25.51717,-54.57486,8.0,8.1,Avenida República Argentina/Avenida Costa e Silva
-25.51717,-54.57486,8.0,8.1,Avenida República Argentina/Avenida Costa e Silva
-25.51724,-54.57486,8.0,8.1,Avenida República Argentina/Avenida Costa e Silva
-25.51724,-54.57486,8.0,8.1,Avenida República Argentina/Avenida Costa e Silva
-25.51805,-54.57493,8.0,8.1,Avenida República Argentina/Avenida Costa e Silva
-25.51805,-54.57493,8.0,8.1,Avenida República Argentina/Avenida Costa e Silva
-25.51842,-54.57496,8.0,8.1,Avenida República Argentina/Avenida Costa e Silva
-25.51842,-54.57496,8.0,8.1,Avenida República Argentina/Avenida Costa e Silva
-25.5191,-54.57504,8.0,8.1,Avenida República Argentina/Avenida Costa e Silva
-25.51959,-54.57508,8.0,8.1,Avenida República Argentina/Avenida Costa e Silva
-25.51959,-54.57508,8.0,8.1,Avenida República Argentina/Avenida Costa e Silva
-25.52002,-54.57512,8.0,8.1,Avenida República Argentina/Avenida Costa e Silva
-25.52002,-54.57512,8.0,8.1,Avenida República Argentina/Avenida Costa e Silva
-25.52027,-54.57514,8.0,8.1,Avenida República Argentina/Avenida Costa e Silva
-25.52027,-54.57514,8.0,8.1,Avenida República Argentina/Avenida Costa e Silva
-25.52041,-54.57515,8.0,8.1,Avenida República Argentina/Avenida Costa e Silva
-25.52041,-54.57515,8.0,8.1,Avenida República Argentina/Avenida Costa e Silva
-25.52062,-54.57517,8.0,8.1,Avenida República Argentina/Avenida Costa e Silva
-25.52062,-54.57517,8.0,8.1,Avenida República Argentina/Avenida Costa e Silva
-25.521,-54.57519,8.0,8.1,Avenida República Argentina/Avenida Costa e Silva
-25.521,-54.57519,8.0,8.1,Avenida República Argentina/Avenida Costa e Silva
-25.52181,-54.57523,8.0,8.1,Avenida República Argentina/Avenida Costa e Silva
-25.52181,-54.57523,8.0,8.1,Avenida República Argentina/Avenida Costa e Silva
-25.52205,-54.57525,8.0,8.1,Avenida República Argentina/Avenida Costa e Silva
-25.52205,-54.57525,8.0,8.1,Avenida República Argentina/Avenida Costa e Silva
-25.52327,-54.57535,8.0,8.1,Avenida República Argentina/Avenida Costa e Silva
-25.52327,-54.57535,8.0,8.1,Avenida República Argentina/Avenida Costa e Silva
-25.52363,-54.57538,8.0,8.1,Avenida República Argentina/Avenida Costa e Silva
-25.52363,-54.57538,8.0,8.1,Avenida República Argentina/Avenida Costa e Silva
-25.52389,-54.5754,8.0,8.1,Avenida República Argentina/Avenida Costa e Silva
-25.52389,-54.5754,8.0,8.1,Avenida República Argentina/Avenida Costa e Silva
-25.52424,-54.57543,8.0,8.1,Avenida República Argentina/Avenida Costa e Silva
-25.52424,-54.57543,8.0,8.1,Avenida República Argentina/Avenida Costa e Silva
-25.52435,-54.57544,8.0,8.1,Avenida República Argentina/Avenida Costa e Silva
-25.52435,-54.57544,8.0,8.1,Avenida República Argentina/Avenida Costa e Silva
-25.52556,-54.57554,8.0,8.1,Avenida República Argentina/Avenida Costa e Silva
-25.52556,-54.57554,8.0,8.1,Avenida República Argentina/Avenida Costa e Silva
-25.52639,-54.57561,8.0,8.1,Avenida República Argentina/Avenida Costa e Silva
-25.52723,-54.57571,8.0,8.1,Avenida República Argentina/Avenida Costa e Silva
-25.52723,-54.57571,8.0,8.1,Avenida República Argentina/Avenida Costa e Silva
-25.52737,-54.57572,8.0,8.1,Avenida República Argentina/Avenida Costa e Silva
-25.52737,-54.57572,8.0,8.1,Avenida República Argentina/Avenida Costa e Silva
-25.52762,-54.57574,8.0,8.1,Avenida República Argentina/Avenida Costa e Silva
-25.52762,-54.57574,8.0,8.1,Avenida República Argentina/Avenida Costa e Silva
-25.52785,-54.57576,8.0,8.1,Avenida República Argentina/Avenida Costa e Silva
-25.52785,-54.57576,8.0,8.1,Avenida República Argentina/Avenida Costa e Silva
-25.52818,-54.57578,8.0,8.1,Avenida República Argentina/Avenida Costa e Silva
-25.52818,-54.57578,8.0,8.1,Avenida República Argentina/Avenida Costa e Silva
-25.52886,-54.57582,8.0,8.1,Avenida República Argentina/Avenida Costa e Silva
-25.52974,-54.57589,8.0,8.1,Avenida República Argentina/Avenida Costa e Silva
-25.52974,-54.57589,8.0,8.1,Avenida República Argentina/Avenida Costa e Silva
-25.53078,-54.57598,8.0,8.1,Avenida República Argentina/Avenida Costa e Silva
-25.53078,-54.57598,8.0,8.1,Avenida República Argentina/Avenida Costa e Silva
-25.53236,-54.57607,8.0,8.1,Avenida República Argentina/Avenida Costa e Silva
-25.53236,-54.57607,8.0,8.1,Avenida República Argentina/Avenida Costa e Silva
-25.53277,-54.57609,8.0,8.1,Avenida República Argentina/Avenida Costa e Silva
-25.53277,-54.57609,8.0,8.1,Avenida República Argentina/Avenida Costa e Silva
-25.53324,-54.57612,8.0,8.1,Avenida República Argentina/Avenida Costa e Silva
-25.53324,-54.57612,8.0,8.1,Avenida República Argentina/Avenida Costa e Silva
-25.53347,-54.57614,8.0,8.1,Avenida República Argentina/Avenida Costa e Silva
-25.53347,-54.57614,8.0,8.1,Avenida República Argentina/Avenida Costa e Silva
-25.53377,-54.57616,8.0,8.1,Avenida República Argentina/Avenida Costa e Silva
-25.53377,-54.57616,8.0,8.1,Avenida República Argentina/Avenida Costa e Silva
-25.53435,-54.57618,8.0,8.1,Avenida República Argentina/Avenida Costa e Silva
-25.53435,-54.57618,8.0,8.1,Avenida República Argentina/Avenida Costa e Silva
-25.53463,-54.57618,8.0,8.1,Avenida República Argentina/Avenida Costa e Silva
-25.53366,-54.57603,1.08,1.5,Avenida José Maria de Brito
-25.53342,-54.57601,1.08,1.5,Avenida José Maria de Brito
-25.53342,-54.57601,1.08,1.5,Avenida José Maria de Brito
-25.53322,-54.576,1.08,1.5,Avenida José Maria de Brito
-25.53322,-54.576,1.08,1.5,Avenida José Maria de Brito
-25.53278,-54.57597,1.08,1.5,Avenida José Maria de Brito
-25.53278,-54.57597,1.08,1.5,Avenida José Maria de Brito
-25.53242,-54.57595,1.08,1.5,Avenida José Maria de Brito
-25.53242,-54.57595,1.08,1.5,Avenida José Maria de Brito
-25.53164,-54.5759,1.08,1.5,Avenida José Maria de Brito
-25.53164,-54.5759,1.08,1.5,Avenida José Maria de Brito
-25.53116,-54.57587,1.08,1.5,Avenida José Maria de Brito
-25.53116,-54.57587,1.08,1.5,Avenida José Maria de Brito
-25.53078,-54.57585,1.08,1.5,Avenida José Maria de Brito
-25.53078,-54.57585,1.08,1.5,Avenida José Maria de Brito
-25.53011,-54.5758,1.08,1.5,Avenida José Maria de Brito
-25.53011,-54.5758,1.08,1.5,Avenida José Maria de Brito
-25.5297,-54.57577,1.08,1.5,Avenida José Maria de Brito
-25.5297,-54.57577,1.08,1.5,Avenida José Maria de Brito
-25.52896,-54.5757,1.08,1.5,Avenida José Maria de Brito
-25.52829,-54.57562,1.08,1.5,Avenida José Maria de Brito
-25.52829,-54.57562,1.08,1.5,Avenida José Maria de Brito
-25.52803,-54.5756,1.08,1.5,Avenida José Maria de Brito
-25.52803,-54.5756,1.08,1.5,Avenida José Maria de Brito
-25.52787,-54.57559,1.08,1.5,Avenida José Maria de Brito
-25.52787,-54.57559,1.08,1.5,Avenida José Maria de Brito
-25.52766,-54.57557,1.08,1.5,Avenida José Maria de Brito
-25.52766,-54.57557,1.08,1.5,Avenida José Maria de Brito
-25.52743,-54.57556,1.08,1.5,Avenida José Maria de Brito
-25.52743,-54.57556,1.08,1.5,Avenida José Maria de Brito
-25.52688,-54.57554,1.08,1.5,Avenida José Maria de Brito
-25.52613,-54.57548,1.08,1.5,Avenida José Maria de Brito
-25.52613,-54.57548,1.08,1.5,Avenida José Maria de Brito
-25.52556,-54.57543,1.08,1.5,Avenida José Maria de Brito
-25.52556,-54.57543,1.08,1.5,Avenida José Maria de Brito
-25.52502,-54.57538,1.08,1.5,Avenida José Maria de Brito
-25.52502,-54.57538,1.08,1.5,Avenida José Maria de Brito
-25.52477,-54.57536,1.08,1.5,Avenida José Maria de Brito
-25.52477,-54.57536,1.08,1.5,Avenida José Maria de Brito
-25.52437,-54.57533,1.08,1.5,Avenida José Maria de Brito
-25.52437,-54.57533,1.08,1.5,Avenida José Maria de Brito
-25.52425,-54.57532,1.08,1.5,Avenida José Maria de Brito
-25.52425,-54.57532,1.08,1.5,Avenida José Maria de Brito
-25.52324,-54.57524,1.08,1.5,Avenida José Maria de Brito
-25.52324,-54.57524,1.08,1.5,Avenida José Maria de Brito
-25.52281,-54.5752,1.08,1.5,Avenida José Maria de Brito
-25.52281,-54.5752,1.08,1.5,Avenida José Maria de Brito
-25.52177,-54.57511,1.08,1.5,Avenida José Maria de Brito
-25.52177,-54.57511,1.08,1.5,Avenida José Maria de Brito
-25.52106,-54.57502,1.08,1.5,Avenida José Maria de Brito
-25.52106,-54.57502,1.08,1.5,Avenida José Maria de Brito
-25.52082,-54.575,1.08,1.5,Avenida José Maria de Brito
-25.52082,-54.575,1.08,1.5,Avenida José Maria de Brito
-25.52059,-54.57498,1.08,1.5,Avenida José Maria de Brito
-25.52059,-54.57498,1.08,1.5,Avenida José Maria de Brito
-25.52042,-54.57497,1.08,1.5,Avenida José Maria de Brito
-25.52042,-54.57497,1.08,1.5,Avenida José Maria de Brito
-25.52026,-54.57497,1.08,1.5,Avenida José Maria de Brito
-25.52026,-54.57497,1.08,1.5,Avenida José Maria de Brito
-25.51976,-54.57494,1.08,1.5,Avenida José Maria de Brito
-25.51976,-54.57494,1.08,1.5,Avenida José Maria de Brito
-25.51809,-54.5748,1.08,1.5,Avenida José Maria de Brito
-25.51809,-54.5748,1.08,1.5,Avenida José Maria de Brito
-25.51782,-54.57478,1.08,1.5,Avenida José Maria de Brito
-25.51782,-54.57478,1.08,1.5,Avenida José Maria de Brito
-25.51741,-54.57475,1.08,1.5,Avenida José Maria de Brito
-25.51741,-54.57475,1.08,1.5,Avenida José Maria de Brito
-25.51724,-54.57474,1.08,1.5,Avenida José Maria de Brito
-25.54078,-54.58748,0.83,2.5,Avenida Jorge Schimmelpfeng
-25.54208,-54.58758,0.83,2.5,Avenida Jorge Schimmelpfeng
-25.54208,-54.58758,0.83,2.5,Avenida Jorge Schimmelpfeng
-25.54275,-54.58764,0.83,2.5,Avenida Jorge Schimmelpfeng
-25.54275,-54.58764,0.83,2.5,Avenida Jorge Schimmelpfeng
-25.54288,-54.58766,0.83,2.5,Avenida Jorge Schimmelpfeng
-25.54288,-54.58766,0.83,2.5,Avenida Jorge Schimmelpfeng
-25.5432,-54.58772,0.83,2.5,Avenida Jorge Schimmelpfeng
-25.5432,-54.58772,0.83,2.5,Avenida Jorge Schimmelpfeng
-25.54353,-54.58779,0.83,2.5,Avenida Jorge Schimmelpfeng
-25.54353,-54.58779,0.83,2.5,Avenida Jorge Schimmelpfeng
-25.54379,-54.58786,0.83,2.5,Avenida Jorge Schimmelpfeng
-25.54411,-54.58798,0.83,2.5,Avenida Jorge Schimmelpfeng
-25.54411,-54.58798,0.83,2.5,Avenida Jorge Schimmelpfeng
-25.5444,-54.58813,0.83,2.5,Avenida Jorge Schimmelpfeng
-25.5448,-54.58837,0.83,2.5,Avenida Jorge Schimmelpfeng
-25.5448,-54.58837,0.83,2.5,Avenida Jorge Schimmelpfeng
-25.54505,-54.58851,0.83,2.5,Avenida Jorge Schimmelpfeng
-25.54521,-54.58856,0.83,2.5,Avenida Jorge Schimmelpfeng
-25.54521,-54.58856,0.83,2.5,Avenida Jorge Schimmelpfeng
-25.54535,-54.58858,0.83,2.5,Avenida Jorge Schimmelpfeng
-25.54535,-54.58858,0.83,2.5,Avenida Jorge Schimmelpfeng
-25.54552,-54.58857,0.83,2.5,Avenida Jorge Schimmelpfeng
-25.54552,-54.58857,0.83,2.5,Avenida Jorge Schimmelpfeng
-25.54597,-54.58846,0.83,2.5,Avenida Jorge Schimmelpfeng
-25.54597,-54.58846,0.83,2.5,Avenida Jorge Schimmelpfeng
-25.54633,-54.58836,0.83,2.5,Avenida Jorge Schimmelpfeng
-25.54633,-54.58836,0.83,2.5,Avenida Jorge Schimmelpfeng
-25.54662,-54.58828,0.83,2.5,Avenida Jorge Schimmelpfeng
-25.54662,-54.58828,0.83,2.5,Avenida Jorge Schimmelpfeng
-25.54685,-54.5882,0.83,2.5,Avenida Jorge Schimmelpfeng
-25.54685,-54.5882,0.83,2.5,Avenida Jorge Schimmelpfeng
-25.54692,-54.58811,0.83,2.5,Avenida Jorge Schimmelpfeng
-25.54695,-54.58798,0.83,2.5,Avenida Jorge Schimmelpfeng
-25.54695,-54.58792,0.83,2.5,Avenida Jorge Schimmelpfeng
-25.53399,-54.58686,1.44,1.1,Rua Jorge Sanwais
-25.53452,-54.58698,1.44,1.1,Rua Jorge Sanwais
-25.53452,-54.58698,1.44,1.1,Rua Jorge Sanwais
-25.53507,-54.58706,1.44,1.1,Rua Jorge Sanwais
-25.53572,-54.58712,1.44,1.1,Rua Jorge Sanwais
-25.53572,-54.58712,1.44,1.1,Rua Jorge Sanwais
-25.537,-54.5872,1.44,1.1,Rua Jorge Sanwais
-25.537,-54.5872,1.44,1.1,Rua Jorge Sanwais
-25.53826,-54.5873,1.44,1.1,Rua Jorge Sanwais
-25.53826,-54.5873,1.44,1.1,Rua Jorge Sanwais
-25.53874,-54.58733,1.44,1.1,Rua Jorge Sanwais
-25.53874,-54.58733,1.44,1.1,Rua Jorge Sanwais
-25.53898,-54.58735,1.44,1.1,Rua Jorge Sanwais
-25.53898,-54.58735,1.44,1.1,Rua Jorge Sanwais
-25.53922,-54.58737,1.44,1.1,Rua Jorge Sanwais
-25.53922,-54.58737,1.44,1.1,Rua Jorge Sanwais
-25.5395,-54.58739,1.44,1.1,Rua Jorge Sanwais
-25.5395,-54.58739,1.44,1.1,Rua Jorge Sanwais
-25.54063,-54.58747,1.44,1.1,Rua Jorge Sanwais
-25.54063,-54.58747,1.44,1.1,Rua Jorge Sanwais
-25.54078,-54.58748,1.44,1.1,Rua Jorge Sanwais
-25.54078,-54.58736,1.32,2.1,Avenida República Argentina
-25.54063,-54.58735,1.32,2.1,Avenida República Argentina
-25.54063,-54.58735,1.32,2.1,Avenida República Argentina
-25.53983,-54.58728,1.32,2.1,Avenida República Argentina
-25.53983,-54.58728,1.32,2.1,Avenida República Argentina
-25.53952,-54.58726,1.32,2.1,Avenida República Argentina
-25.53952,-54.58726,1.32,2.1,Avenida República Argentina
-25.53922,-54.58724,1.32,2.1,Avenida República Argentina
-25.53922,-54.58724,1.32,2.1,Avenida República Argentina
-25.53899,-54.58722,1.32,2.1,Avenida República Argentina
-25.53899,-54.58722,1.32,2.1,Avenida República Argentina
-25.5387,-54.5872,1.32,2.1,Avenida República Argentina
-25.5387,-54.5872,1.32,2.1,Avenida República Argentina
-25.53826,-54.58717,1.32,2.1,Avenida República Argentina
-25.53826,-54.58717,1.32,2.1,Avenida República Argentina
-25.537,-54.58707,1.32,2.1,Avenida República Argentina
-25.537,-54.58707,1.32,2.1,Avenida República Argentina
-25.53572,-54.58699,1.32,2.1,Avenida República Argentina
-25.53572,-54.58699,1.32,2.1,Avenida República Argentina
-25.53501,-54.58692,1.32,2.1,Avenida República Argentina
-25.5344,-54.58682,1.32,2.1,Avenida República Argentina
-25.5344,-54.58682,1.32,2.1,Avenida República Argentina
-25.534,-54.58672,1.32,2.1,Avenida República Argentina
-25.54652,-54.58754,1.08,2.8,Rua Jorge Sanwais
-25.54619,-54.5876,1.08,2.8,Rua Jorge Sanwais
-25.54619,-54.5876,1.08,2.8,Rua Jorge Sanwais
-25.54579,-54.5877,1.08,2.8,Rua Jorge Sanwais
-25.54579,-54.5877,1.08,2.8,Rua Jorge Sanwais
-25.54534,-54.58781,1.08,2.8,Rua Jorge Sanwais
-25.54534,-54.58781,1.08,2.8,Rua Jorge Sanwais
-25.54507,-54.58785,1.08,2.8,Rua Jorge Sanwais
-25.54507,-54.58785,1.08,2.8,Rua Jorge Sanwais
-25.54477,-54.58787,1.08,2.8,Rua Jorge Sanwais
-25.54447,-54.58786,1.08,2.8,Rua Jorge Sanwais
-25.54447,-54.58786,1.08,2.8,Rua Jorge Sanwais
-25.54434,-54.58784,1.08,2.8,Rua Jorge Sanwais
-25.54434,-54.58784,1.08,2.8,Rua Jorge Sanwais
-25.54361,-54.58766,1.08,2.8,Rua Jorge Sanwais
-25.54361,-54.58766,1.08,2.8,Rua Jorge Sanwais
-25.54322,-54.58758,1.08,2.8,Rua Jorge Sanwais
-25.54289,-54.58753,1.08,2.8,Rua Jorge Sanwais
-25.54289,-54.58753,1.08,2.8,Rua Jorge Sanwais
-25.54276,-54.58751,1.08,2.8,Rua Jorge Sanwais
-25.54276,-54.58751,1.08,2.8,Rua Jorge Sanwais
-25.54209,-54.58745,1.08,2.8,Rua Jorge Sanwais
-25.54209,-54.58745,1.08,2.8,Rua Jorge Sanwais
-25.54078,-54.58736,1.08,2.8,Rua Jorge Sanwais
-25.54677,-54.58747,0.39,0.0,Avenida Jorge Schimmelpfeng
-25.54669,-54.58751,0.39,0.0,Avenida Jorge Schimmelpfeng
-25.54652,-54.58754,0.39,0.0,Avenida Jorge Schimmelpfeng
-25.5481,-54.57758,0.58,0.0,Avenida Jorge Schimmelpfeng
-25.54783,-54.5779,0.58,0.0,Avenida Jorge Schimmelpfeng
-25.54767,-54.57805,0.58,0.0,Avenida Jorge Schimmelpfeng
-25.54767,-54.57805,0.58,0.0,Avenida Jorge Schimmelpfeng
-25.54752,-54.57819,0.58,0.0,Avenida Jorge Schimmelpfeng
-25.54752,-54.57819,0.58,0.0,Avenida Jorge Schimmelpfeng
-25.54739,-54.57818,0.58,0.0,Avenida Jorge Schimmelpfeng
-25.54726,-54.57815,0.58,0.0,Avenida Jorge Schimmelpfeng
-25.54716,-54.57808,0.58,0.0,Avenida Jorge Schimmelpfeng
-25.54709,-54.57798,0.58,0.0,Avenida Jorge Schimmelpfeng
-25.54848,-54.57717,1.41,1.8,Avenida Iguaçu
-25.54855,-54.57704,1.41,1.8,Avenida Iguaçu
-25.54866,-54.57679,1.41,1.8,Avenida Iguaçu
-25.54885,-54.57622,1.41,1.8,Avenida Iguaçu
-25.54885,-54.57622,1.41,1.8,Avenida Iguaçu
-25.54897,-54.5758,1.41,1.8,Avenida Iguaçu
-25.54897,-54.5758,1.41,1.8,Avenida Iguaçu
-25.54904,-54.57562,1.41,1.8,Avenida Iguaçu
-25.5491,-54.57551,1.41,1.8,Avenida Iguaçu
-25.54953,-54.57481,1.41,1.8,Avenida Iguaçu
-25.54953,-54.57481,1.41,1.8,Avenida Iguaçu
-25.55004,-54.57401,1.41,1.8,Avenida Iguaçu
-25.55004,-54.57401,1.41,1.8,Avenida Iguaçu
-25.55058,-54.5732,1.41,1.8,Avenida Iguaçu
-25.55058,-54.5732,1.41,1.8,Avenida Iguaçu
-25.55111,-54.5724,1.41,1.8,Avenida Iguaçu
-25.55111,-54.5724,1.41,1.8,Avenida Iguaçu
-25.55165,-54.57159,1.41,1.8,Avenida Iguaçu
-25.55165,-54.57159,1.41,1.8,Avenida Iguaçu
-25.55218,-54.5708,1.41,1.8,Avenida Iguaçu
-25.55218,-54.5708,1.41,1.8,Avenida Iguaçu
-25.55226,-54.57071,1.41,1.8,Avenida Iguaçu
-25.5474,-54.57846,0.54,2.7,Avenida General Meira
-25.54762,-54.57829,0.54,2.7,Avenida General Meira
-25.54762,-54.57829,0.54,2.7,Avenida General Meira
-25.54775,-54.57817,0.54,2.7,Avenida General Meira
-25.54775,-54.57817,0.54,2.7,Avenida General Meira
-25.54784,-54.57808,0.54,2.7,Avenida General Meira
-25.54784,-54.57808,0.54,2.7,Avenida General Meira
-25.54799,-54.5779,0.54,2.7,Avenida General Meira
-25.54799,-54.5779,0.54,2.7,Avenida General Meira
-25.54821,-54.5776,0.54,2.7,Avenida General Meira
-25.54821,-54.5776,0.54,2.7,Avenida General Meira
-25.54836,-54.57739,0.54,2.7,Avenida General Meira
-25.54848,-54.57717,0.54,2.7,Avenida General Meira
-25.53865,-54.57625,0.94,2.9,Avenida Felipe Wandscheer
-25.53882,-54.57624,0.94,2.9,Avenida Felipe Wandscheer
-25.53882,-54.57624,0.94,2.9,Avenida Felipe Wandscheer
-25.53886,-54.57624,0.94,2.9,Avenida Felipe Wandscheer
-25.53886,-54.57624,0.94,2.9,Avenida Felipe Wandscheer
-25.53914,-54.57623,0.94,2.9,Avenida Felipe Wandscheer
-25.53914,-54.57623,0.94,2.9,Avenida Felipe Wandscheer
-25.53957,-54.57622,0.94,2.9,Avenida Felipe Wandscheer
-25.53957,-54.57622,0.94,2.9,Avenida Felipe Wandscheer
-25.53994,-54.5762,0.94,2.9,Avenida Felipe Wandscheer
-25.53994,-54.5762,0.94,2.9,Avenida Felipe Wandscheer
-25.54003,-54.5762,0.94,2.9,Avenida Felipe Wandscheer
-25.54003,-54.5762,0.94,2.9,Avenida Felipe Wandscheer
-25.54055,-54.57619,0.94,2.9,Avenida Felipe Wandscheer
-25.54055,-54.57619,0.94,2.9,Avenida Felipe Wandscheer
-25.54089,-54.57618,0.94,2.9,Avenida Felipe Wandscheer
-25.54089,-54.57618,0.94,2.9,Avenida Felipe Wandscheer
-25.54116,-54.57617,0.94,2.9,Avenida Felipe Wandscheer
-25.54116,-54.57617,0.94,2.9,Avenida Felipe Wandscheer
-25.54171,-54.57616,0.94,2.9,Avenida Felipe Wandscheer
-25.54185,-54.57617,0.94,2.9,Avenida Felipe Wandscheer
-25.54185,-54.57617,0.94,2.9,Avenida Felipe Wandscheer
-25.54212,-54.57619,0.94,2.9,Avenida Felipe Wandscheer
-25.5428,-54.57631,0.94,2.9,Avenida Felipe Wandscheer
-25.5428,-54.57631,0.94,2.9,Avenida Felipe Wandscheer
-25.54341,-54.57639,0.94,2.9,Avenida Felipe Wandscheer
-25.54341,-54.57639,0.94,2.9,Avenida Felipe Wandscheer
-25.54372,-54.57641,0.94,2.9,Avenida Felipe Wandscheer
-25.5446,-54.5764,0.94,2.9,Avenida Felipe Wandscheer
-25.5446,-54.5764,0.94,2.9,Avenida Felipe Wandscheer
-25.54502,-54.57639,0.94,2.9,Avenida Felipe Wandscheer
-25.54502,-54.57639,0.94,2.9,Avenida Felipe Wandscheer
-25.5459,-54.57636,0.94,2.9,Avenida Felipe Wandscheer
-25.54616,-54.57639,0.94,2.9,Avenida Felipe Wandscheer
-25.54626,-54.57642,0.94,2.9,Avenida Felipe Wandscheer
-25.54637,-54.57647,0.94,2.9,Avenida Felipe Wandscheer
-25.54637,-54.57647,0.94,2.9,Avenida Felipe Wandscheer
-25.54658,-54.57662,0.94,2.9,Avenida Felipe Wandscheer
-25.54672,-54.57677,0.94,2.9,Avenida Felipe Wandscheer
-25.54685,-54.57698,0.94,2.9,Avenida Felipe Wandscheer
-25.54694,-54.57725,0.94,2.9,Avenida Felipe Wandscheer
-25.55211,-54.57075,1.36,0.2,Avenida General Meira
-25.55161,-54.5715,1.36,0.2,Avenida General Meira
-25.55161,-54.5715,1.36,0.2,Avenida General Meira
-25.55104,-54.57236,1.36,0.2,Avenida General Meira
-25.55104,-54.57236,1.36,0.2,Avenida General Meira
-25.5509,-54.57257,1.36,0.2,Avenida General Meira
-25.5509,-54.57257,1.36,0.2,Avenida General Meira
-25.55052,-54.57313,1.36,0.2,Avenida General Meira
-25.55052,-54.57313,1.36,0.2,Avenida General Meira
-25.54997,-54.57395,1.36,0.2,Avenida General Meira
-25.54997,-54.57395,1.36,0.2,Avenida General Meira
-25.54945,-54.57475,1.36,0.2,Avenida General Meira
-25.54945,-54.57475,1.36,0.2,Avenida General Meira
-25.54901,-54.57546,1.36,0.2,Avenida General Meira
-25.54889,-54.57573,1.36,0.2,Avenida General Meira
-25.54889,-54.57573,1.36,0.2,Avenida General Meira
-25.54875,-54.57617,1.36,0.2,Avenida General Meira
-25.54875,-54.57617,1.36,0.2,Avenida General Meira
-25.54858,-54.57666,1.36,0.2,Avenida General Meira
-25.5484,-54.57709,1.36,0.2,Avenida General Meira
-25.5484,-54.57709,1.36,0.2,Avenida General Meira
-25.54831,-54.57726,1.36,0.2,Avenida General Meira
-25.54831,-54.57726,1.36,0.2,Avenida General Meira
-25.5481,-54.57758,1.36,0.2,Avenida General Meira
-25.53865,-54.57613,0.79,3.1,Avenida República Argentina/Avenida Costa e Silva
-25.53802,-54.57614,0.79,3.1,Avenida República Argentina/Avenida Costa e Silva
-25.53802,-54.57614,0.79,3.1,Avenida República Argentina/Avenida Costa e Silva
-25.53764,-54.57616,0.79,3.1,Avenida República Argentina/Avenida Costa e Silva
-25.53764,-54.57616,0.79,3.1,Avenida República Argentina/Avenida Costa e Silva
-25.53732,-54.57617,0.79,3.1,Avenida República Argentina/Avenida Costa e Silva
-25.53732,-54.57617,0.79,3.1,Avenida República Argentina/Avenida Costa e Silva
-25.53668,-54.57616,0.79,3.1,Avenida República Argentina/Avenida Costa e Silva
-25.53668,-54.57616,0.79,3.1,Avenida República Argentina/Avenida Costa e Silva
-25.53632,-54.57613,0.79,3.1,Avenida República Argentina/Avenida Costa e Silva
-25.53632,-54.57613,0.79,3.1,Avenida República Argentina/Avenida Costa e Silva
-25.53616,-54.57612,0.79,3.1,Avenida República Argentina/Avenida Costa e Silva
-25.53616,-54.57612,0.79,3.1,Avenida República Argentina/Avenida Costa e Silva
-25.53607,-54.57611,0.79,3.1,Avenida República Argentina/Avenida Costa e Silva
-25.53607,-54.57611,0.79,3.1,Avenida República Argentina/Avenida Costa e Silva
-25.53575,-54.57609,0.79,3.1,Avenida República Argentina/Avenida Costa e Silva
-25.53575,-54.57609,0.79,3.1,Avenida República Argentina/Avenida Costa e Silva
-25.53512,-54.57607,0.79,3.1,Avenida República Argentina/Avenida Costa e Silva
-25.53512,-54.57607,0.79,3.1,Avenida República Argentina/Avenida Costa e Silva
-25.53493,-54.57607,0.79,3.1,Avenida República Argentina/Avenida Costa e Silva
-25.53493,-54.57607,0.79,3.1,Avenida República Argentina/Avenida Costa e Silva
-25.53473,-54.57607,0.79,3.1,Avenida República Argentina/Avenida Costa e Silva
-25.53473,-54.57607,0.79,3.1,Avenida República Argentina/Avenida Costa e Silva
-25.53446,-54.57607,0.79,3.1,Avenida República Argentina/Avenida Costa e Silva
-25.53446,-54.57607,0.79,3.1,Avenida República Argentina/Avenida Costa e Silva
-25.5343,-54.57607,0.79,3.1,Avenida República Argentina/Avenida Costa e Silva
-25.5343,-54.57607,0.79,3.1,Avenida República Argentina/Avenida Costa e Silva
-25.53366,-54.57603,0.79,3.1,Avenida República Argentina/Avenida Costa e Silva
-25.54694,-54.57725,0.59,0.0,Avenida Jorge Schimmelpfeng
-25.54698,-54.57768,0.59,0.0,Avenida Jorge Schimmelpfeng
-25.54698,-54.57768,0.59,0.0,Avenida Jorge Schimmelpfeng
-25.54699,-54.57793,0.59,0.0,Avenida Jorge Schimmelpfeng
-25.54699,-54.57793,0.59,0.0,Avenida Jorge Schimmelpfeng
-25.54702,-54.57825,0.59,0.0,Avenida Jorge Schimmelpfeng
-25.54702,-54.57825,0.59,0.0,Avenida Jorge Schimmelpfeng
-25.54705,-54.57848,0.59,0.0,Avenida Jorge Schimmelpfeng
-25.54705,-54.57848,0.59,0.0,Avenida Jorge Schimmelpfeng
-25.54725,-54.5785,0.59,0.0,Avenida Jorge Schimmelpfeng
-25.5474,-54.57846,0.59,0.0,Avenida Jorge Schimmelpfeng
-25.54641,-54.57633,0.91,3.1,Rua Rui Barbosa
-25.54629,-54.57627,0.91,3.1,Rua Rui Barbosa
-25.54617,-54.57623,0.91,3.1,Rua Rui Barbosa
-25.54605,-54.57621,0.91,3.1,Rua Rui Barbosa
-25.54589,-54.57621,0.91,3.1,Rua Rui Barbosa
-25.54589,-54.57621,0.91,3.1,Rua Rui Barbosa
-25.5456,-54.57622,0.91,3.1,Rua Rui Barbosa
-25.5456,-54.57622,0.91,3.1,Rua Rui Barbosa
-25.54502,-54.57625,0.91,3.1,Rua Rui Barbosa
-25.54502,-54.57625,0.91,3.1,Rua Rui Barbosa
-25.54394,-54.57628,0.91,3.1,Rua Rui Barbosa
-25.54394,-54.57628,0.91,3.1,Rua Rui Barbosa
-25.54341,-54.57626,0.91,3.1,Rua Rui Barbosa
-25.54341,-54.57626,0.91,3.1,Rua Rui Barbosa
-25.5432,-54.57624,0.91,3.1,Rua Rui Barbosa
-25.54227,-54.57608,0.91,3.1,Rua Rui Barbosa
-25.54203,-54.57605,0.91,3.1,Rua Rui Barbosa
-25.54171,-54.57604,0.91,3.1,Rua Rui Barbosa
-25.54171,-54.57604,0.91,3.1,Rua Rui Barbosa
-25.54117,-54.57605,0.91,3.1,Rua Rui Barbosa
-25.54117,-54.57605,0.91,3.1,Rua Rui Barbosa
-25.54057,-54.57607,0.91,3.1,Rua Rui Barbosa
-25.54057,-54.57607,0.91,3.1,Rua Rui Barbosa
-25.54028,-54.57608,0.91,3.1,Rua Rui Barbosa
-25.54028,-54.57608,0.91,3.1,Rua Rui Barbosa
-25.54003,-54.57609,0.91,3.1,Rua Rui Barbosa
-25.54003,-54.57609,0.91,3.1,Rua Rui Barbosa
-25.53994,-54.57609,0.91,3.1,Rua Rui Barbosa
-25.53994,-54.57609,0.91,3.1,Rua Rui Barbosa
-25.53949,-54.5761,0.91,3.1,Rua Rui Barbosa
-25.53949,-54.5761,0.91,3.1,Rua Rui Barbosa
-25.53915,-54.57611,0.91,3.1,Rua Rui Barbosa
-25.53915,-54.57611,0.91,3.1,Rua Rui Barbosa
-25.53892,-54.57612,0.91,3.1,Rua Rui Barbosa
-25.53892,-54.57612,0.91,3.1,Rua Rui Barbosa
-25.53889,-54.57612,0.91,3.1,Rua Rui Barbosa
-25.53889,-54.57612,0.91,3.1,Rua Rui Barbosa
-25.53865,-54.57613,0.91,3.1,Rua Rui Barbosa
-25.54709,-54.57798,0.77,1.9,Avenida Felipe Wandscheer
-25.54707,-54.57776,0.77,1.9,Avenida Felipe Wandscheer
-25.54707,-54.5775,0.77,1.9,Avenida Felipe Wandscheer
-25.54703,-54.57718,0.77,1.9,Avenida Felipe Wandscheer
-25.54703,-54.57718,0.77,1.9,Avenida Felipe Wandscheer
-25.54695,-54.57693,0.77,1.9,Avenida Felipe Wandscheer
-25.54691,-54.57685,0.77,1.9,Avenida Felipe Wandscheer
-25.54677,-54.57664,0.77,1.9,Avenida Felipe Wandscheer
-25.54661,-54.57648,0.77,1.9,Avenida Felipe Wandscheer
-25.54641,-54.57633,0.77,1.9,Avenida Felipe Wandscheer
-25.54705,-54.57848,0.72,0.3,BR-469
-25.54704,-54.57884,0.72,0.3,BR-469
-25.54695,-54.58668,0.94,2.6,BR-469
-25.54695,-54.58654,0.94,2.6,BR-469
-25.54695,-54.58654,0.94,2.6,BR-469
-25.54696,-54.58607,0.94,2.6,BR-469
-25.54696,-54.58607,0.94,2.6,BR-469
-25.54696,-54.58596,0.94,2.6,BR-469
-25.54696,-54.58596,0.94,2.6,BR-469
-25.54697,-54.58519,0.94,2.6,BR-469
-25.54697,-54.58519,0.94,2.6,BR-469
-25.54698,-54.58428,0.94,2.6,BR-469
-25.54698,-54.58428,0.94,2.6,BR-469
-25.54699,-54.58379,0.94,2.6,BR-469
-25.54699,-54.58379,0.94,2.6,BR-469
-25.54699,-54.58359,0.94,2.6,BR-469
-25.54699,-54.58359,0.94,2.6,BR-469
-25.547,-54.58336,0.94,2.6,BR-469
-25.547,-54.58336,0.94,2.6,BR-469
-25.54701,-54.58274,0.94,2.6,BR-469
-25.54701,-54.58274,0.94,2.6,BR-469
-25.54701,-54.5824,0.94,2.6,BR-469
-25.54701,-54.5824,0.94,2.6,BR-469
-25.54701,-54.58174,0.94,2.6,BR-469
-25.54701,-54.58174,0.94,2.6,BR-469
-25.54701,-54.58136,0.94,2.6,BR-469
-25.54701,-54.58136,0.94,2.6,BR-469
-25.54702,-54.58115,0.94,2.6,BR-469
-25.54702,-54.58115,0.94,2.6,BR-469
-25.54702,-54.58101,0.94,2.6,BR-469
-25.54702,-54.58101,0.94,2.6,BR-469
-25.54702,-54.58045,0.94,2.6,BR-469
-25.54699,-54.5802,0.94,2.6,BR-469
-25.54699,-54.5802,0.94,2.6,BR-469
-25.54704,-54.57884,0.94,2.6,BR-469
-25.54704,-54.57884,0.94,2.6,BR-469
-25.54705,-54.57848,0.94,2.6,BR-469
-25.54695,-54.58792,2.46,3.1,Avenida Juscelino Kubitschek
-25.54695,-54.58668,2.46,3.1,Avenida Juscelino Kubitschek
-25.54704,-54.57884,0.94,1.7,Avenida Juscelino Kubitschek
-25.54699,-54.5802,0.94,1.7,Avenida Juscelino Kubitschek
-25.54699,-54.5802,0.94,1.7,Avenida Juscelino Kubitschek
-25.54695,-54.58045,0.94,1.7,Avenida Juscelino Kubitschek
-25.54693,-54.581,0.94,1.7,Avenida Juscelino Kubitschek
-25.54693,-54.581,0.94,1.7,Avenida Juscelino Kubitschek
-25.54693,-54.58117,0.94,1.7,Avenida Juscelino Kubitschek
-25.54693,-54.58117,0.94,1.7,Avenida Juscelino Kubitschek
-25.54692,-54.58135,0.94,1.7,Avenida Juscelino Kubitschek
-25.54692,-54.58135,0.94,1.7,Avenida Juscelino Kubitschek
-25.54692,-54.58156,0.94,1.7,Avenida Juscelino Kubitschek
-25.54692,-54.58156,0.94,1.7,Avenida Juscelino Kubitschek
-25.54692,-54.58173,0.94,1.7,Avenida Juscelino Kubitschek
-25.54692,-54.58173,0.94,1.7,Avenida Juscelino Kubitschek
-25.54691,-54.58239,0.94,1.7,Avenida Juscelino Kubitschek
-25.54691,-54.58239,0.94,1.7,Avenida Juscelino Kubitschek
-25.5469,-54.58276,0.94,1.7,Avenida Juscelino Kubitschek
-25.5469,-54.58276,0.94,1.7,Avenida Juscelino Kubitschek
-25.5469,-54.58336,0.94,1.7,Avenida Juscelino Kubitschek
-25.5469,-54.58336,0.94,1.7,Avenida Juscelino Kubitschek
-25.54689,-54.58359,0.94,1.7,Avenida Juscelino Kubitschek
-25.54689,-54.58359,0.94,1.7,Avenida Juscelino Kubitschek
-25.54689,-54.58379,0.94,1.7,Avenida Juscelino Kubitschek
-25.54689,-54.58379,0.94,1.7,Avenida Juscelino Kubitschek
-25.54689,-54.58427,0.94,1.7,Avenida Juscelino Kubitschek
-25.54689,-54.58427,0.94,1.7,Avenida Juscelino Kubitschek
-25.54688,-54.58518,0.94,1.7,Avenida Juscelino Kubitschek
-25.54688,-54.58518,0.94,1.7,Avenida Juscelino Kubitschek
-25.54687,-54.58597,0.94,1.7,Avenida Juscelino Kubitschek
-25.54687,-54.58597,0.94,1.7,Avenida Juscelino Kubitschek
-25.54687,-54.5861,0.94,1.7,Avenida Juscelino Kubitschek
-25.54687,-54.5861,0.94,1.7,Avenida Juscelino Kubitschek
-25.54686,-54.58661,0.94,1.7,Avenida Juscelino Kubitschek
-25.54686,-54.58661,0.94,1.7,Avenida Juscelino Kubitschek
-25.54684,-54.58731,0.94,1.7,Avenida Juscelino Kubitschek
-25.54682,-54.5874,0.94,1.7,Avenida Juscelino Kubitschek
-25.54677,-54.58747,0.94,1.7,Avenida Juscelino Kubitschek
-25.53463,-54.57618,0.94,0.0,Rua Rui Barbosa
-25.53512,-54.57619,0.94,0.0,Rua Rui Barbosa
-25.53512,-54.57619,0.94,0.0,Rua Rui Barbosa
-25.5358,-54.57621,0.94,0.0,Rua Rui Barbosa
-25.5358,-54.57621,0.94,0.0,Rua Rui Barbosa
-25.53612,-54.57624,0.94,0.0,Rua Rui Barbosa
-25.53612,-54.57624,0.94,0.0,Rua Rui Barbosa
-25.53643,-54.57627,0.94,0.0,Rua Rui Barbosa
-25.53643,-54.57627,0.94,0.0,Rua Rui Barbosa
-25.53668,-54.57628,0.94,0.0,Rua Rui Barbosa
-25.53668,-54.57628,0.94,0.0,Rua Rui Barbosa
-25.53707,-54.57629,0.94,0.0,Rua Rui Barbosa
-25.53732,-54.57628,0.94,0.0,Rua Rui Barbosa
-25.53732,-54.57628,0.94,0.0,Rua Rui Barbosa
-25.53757,-54.57627,0.94,0.0,Rua Rui Barbosa
-25.53757,-54.57627,0.94,0.0,Rua Rui Barbosa
-25.53833,-54.57625,0.94,0.0,Rua Rui Barbosa
-25.53833,-54.57625,0.94,0.0,Rua Rui Barbosa
-25.53865,-54.57625,0.94,0.0,Rua Rui Barbosa
-25.51699,-54.57597,27.24,7.8,Via sem Nome
-25.51693,-54.57718,27.24,7.8,Via sem Nome
-25.51693,-54.57718,27.24,7.8,Via sem Nome
-25.51676,-54.58003,27.24,7.8,Via sem Nome
-25.51676,-54.58003,27.24,7.8,Via sem Nome
-25.51668,-54.5817,27.24,7.8,Via sem Nome
-25.51668,-54.5817,15.86,8.5,Via sem Nome
-25.51676,-54.58003,15.86,8.5,Via sem Nome
-25.51676,-54.58003,15.86,8.5,Via sem Nome
-25.51693,-54.57718,15.86,8.5,Via sem Nome
-25.51693,-54.57718,15.86,8.5,Via sem Nome
-25.51699,-54.57597,15.86,8.5,Via sem Nome
-25.51699,-54.57597,15.86,8.5,Via sem Nome
-25.51702,-54.57549,15.86,8.5,Via sem Nome
-25.51702,-54.57549,15.86,8.5,Via sem Nome
-25.51704,-54.57518,15.86,8.5,Via sem Nome
-25.51704,-54.57518,15.86,8.5,Via sem Nome
-25.51705,-54.57503,15.86,8.5,Via sem Nome
-25.5985,-54.48963,6.61,8.1,Via sem Nome
-25.59871,-54.48972,6.61,8.1,Via sem Nome
-25.59879,-54.48978,6.61,8.1,Via sem Nome
-25.59879,-54.48978,6.61,8.1,Via sem Nome
-25.59943,-54.49038,6.61,8.1,Via sem Nome
-25.59943,-54.49038,6.61,8.1,Via sem Nome
-25.5996,-54.49054,6.61,8.1,Via sem Nome
-25.5996,-54.49054,6.61,8.1,Via sem Nome
-25.60104,-54.49192,6.61,8.1,Via sem Nome
-25.60104,-54.49192,6.61,8.1,Via sem Nome
-25.60132,-54.49219,6.61,8.1,Via sem Nome
-25.60132,-54.49219,6.61,8.1,Via sem Nome
-25.60146,-54.49232,6.61,8.1,Via sem Nome
-25.60146,-54.49232,6.61,8.1,Via sem Nome
-25.60161,-54.49246,6.61,8.1,Via sem Nome
-25.60199,-54.49295,6.61,8.1,Via sem Nome
-25.60199,-54.49295,6.61,8.1,Via sem Nome
-25.60213,-54.4931,6.61,8.1,Via sem Nome
-25.60228,-54.49321,6.61,8.1,Via sem Nome
-25.60228,-54.49321,6.61,8.1,Via sem Nome
-25.60273,-54.49353,6.61,8.1,Via sem Nome
-25.60347,-54.49423,6.61,8.1,Via sem Nome
-25.60347,-54.49423,6.61,8.1,Via sem Nome
-25.60355,-54.49431,6.61,8.1,Via sem Nome
-25.60355,-54.49431,6.61,8.1,Via sem Nome
-25.60378,-54.49453,6.61,8.1,Via sem Nome
-25.60378,-54.49453,6.61,8.1,Via sem Nome
-25.60384,-54.49458,6.61,8.1,Via sem Nome
-25.60384,-54.49458,6.61,8.1,Via sem Nome
-25.60389,-54.49464,6.61,8.1,Via sem Nome
-25.60389,-54.49464,6.61,8.1,Via sem Nome
-25.604,-54.49476,6.61,8.1,Via sem Nome
-25.604,-54.49476,6.61,8.1,Via sem Nome
-25.6041,-54.49487,6.61,8.1,Via sem Nome
-25.6041,-54.49487,6.61,8.1,Via sem Nome
-25.60439,-54.49522,6.61,8.1,Via sem Nome
-25.60439,-54.49522,6.61,8.1,Via sem Nome
-25.60452,-54.49546,6.61,8.1,Via sem Nome
-25.60458,-54.49561,6.61,8.1,Via sem Nome
-25.60463,-54.49579,6.61,8.1,Via sem Nome
-25.60467,-54.49601,6.61,8.1,Via sem Nome
-25.59862,-54.48932,3.79,8.5,Via sem Nome
-25.59866,-54.4891,3.79,8.5,Via sem Nome
-25.59872,-54.48896,3.79,8.5,Via sem Nome
-25.59877,-54.48889,3.79,8.5,Via sem Nome
-25.59877,-54.48889,3.79,8.5,Via sem Nome
-25.59883,-54.48882,3.79,8.5,Via sem Nome
-25.59883,-54.48882,3.79,8.5,Via sem Nome
-25.59887,-54.48877,3.79,8.5,Via sem Nome
-25.59887,-54.48877,3.79,8.5,Via sem Nome
-25.59893,-54.48868,3.79,8.5,Via sem Nome
-25.59893,-54.48868,3.79,8.5,Via sem Nome
-25.59896,-54.48854,3.79,8.5,Via sem Nome
-25.59897,-54.48842,3.79,8.5,Via sem Nome
-25.59896,-54.48829,3.79,8.5,Via sem Nome
-25.59891,-54.48815,3.79,8.5,Via sem Nome
-25.59884,-54.48806,3.79,8.5,Via sem Nome
-25.59884,-54.48806,3.79,8.5,Via sem Nome
-25.59873,-54.48798,3.79,8.5,Via sem Nome
-25.59873,-54.48798,3.79,8.5,Via sem Nome
-25.59864,-54.48797,3.79,8.5,Via sem Nome
-25.59855,-54.48799,3.79,8.5,Via sem Nome
-25.59855,-54.48799,3.79,8.5,Via sem Nome
-25.59749,-54.48934,3.79,8.5,Via sem Nome
-25.59749,-54.48934,3.79,8.5,Via sem Nome
-25.59746,-54.48943,3.79,8.5,Via sem Nome
-25.59746,-54.48953,3.79,8.5,Via sem Nome
-25.59748,-54.48962,3.79,8.5,Via sem Nome
-25.59748,-54.48962,3.79,8.5,Via sem Nome
-25.59756,-54.48973,3.79,8.5,Via sem Nome
-25.59756,-54.48973,3.79,8.5,Via sem Nome
-25.5977,-54.48986,3.79,8.5,Via sem Nome
-25.5977,-54.48986,3.79,8.5,Via sem Nome
-25.59781,-54.48987,3.79,8.5,Via sem Nome
-25.59797,-54.48983,3.79,8.5,Via sem Nome
-25.59819,-54.48966,3.79,8.5,Via sem Nome
-25.59835,-54.4896,3.79,8.5,Via sem Nome
-25.59835,-54.4896,3.79,8.5,Via sem Nome
-25.59841,-54.48963,3.79,8.5,Via sem Nome
-25.53399,-54.57548,4.86,8.2,Via sem Nome
-25.53392,-54.57573,4.86,8.2,Via sem Nome
-25.53386,-54.57582,4.86,8.2,Via sem Nome
-25.53366,-54.57603,4.86,8.2,Via sem Nome
